,acousticness,artist_genre,artists,danceability,duration,energy,instrumentalness,key,liveness,loudness,mode,name,popularity,release_date,speechiness,tempo,track_uri,valence,lastfm_genre
0,0.3,[],['Champagne Pa'],0.652,245.473,0.6940000000000001,0.000394,4,0.141,-9.286,0,The Motion,0.48,2017,0.128,157.597,spotify:track:4HUYPMVUe0EWB0FTbwSz2d,0.5589999999999999,not available
1,0.912,[],['Dantes'],0.611,155.386,0.374,0.0,0,0.125,-17.569000000000006,0,Begging,0.5,2017,0.0438,99.989,spotify:track:4rllYUILfYqyGUP21yhMr8,0.35200000000000004,Hip-Hop
2,0.0673,"['dance pop', 'pop', 'post-teen pop', 'r&b']","['Beyoncé', 'Drake']",0.557,378.6,0.428,0.0019,5,0.139,-11.299,1,Mine,0.64,2014,0.13699999999999998,103.009,spotify:track:63FrXif0Pdu4NAPvTh87mw,0.0996,rnb
3,0.103,"['dance pop', 'pop', 'post-teen pop', 'r&b']",['Beyoncé'],0.436,369.04,0.534,0.00643,1,0.507,-9.416,0,Haunted,0.65,2014,0.0773,122.822,spotify:track:7cioKB5CHVzk09SOtTyn0T,0.325,rnb
4,0.342,"['electronic trap', 'vapor soul', 'vapor twitch']","['Big Wild', 'Yuna', 'Cabu']",0.629,226.979,0.579,0.0856,3,0.119,-6.859,0,Empty Room - Cabu Remix,0.46,2017,0.0358,124.966,spotify:track:7dEYUkZMdUs7rfOKRMr5lO,0.326,Hip-Hop
5,0.199,[],['ENI'],0.552,188.5,0.7290000000000001,0.00762,9,0.109,-7.661,0,Kiss'n in the Dark,0.41,2016,0.28300000000000003,113.645,spotify:track:65VJxeMXGdAlyQUlEA3oEX,0.209,pop
6,0.244,"['indie r&b', 'malaysian pop']","['Yuna', 'Jhene Aiko']",0.5920000000000001,209.747,0.45,0.00234,8,0.118,-7.657,1,Used To Love You,0.49,2016,0.0841,138.071,spotify:track:7nOtXCM1w97j4KeBRH2rPj,0.295,folk
7,0.268,"['dance pop', 'deep pop r&b', 'indie r&b', 'neo soul', 'pop', 'r&b', 'urban contemporary']","['Ella Mai', 'Ty Dolla $ign']",0.65,264.098,0.478,0.0,7,0.177,-7.512,0,She Don't (feat. Ty Dolla $Ign),0.75,2016,0.05,99.979,spotify:track:01JPQ87UHeGysPVwTqMJHK,0.147,rnb
8,0.0263,"['hip hop', 'pop', 'pop rap', 'rap', 'southern hip hop', 'trap music']","['2 Chainz', 'Ty Dolla $ign', 'Trey Songz', 'Jhene Aiko']",0.841,210.2,0.516,0.00072,11,0.111,-7.461,0,It's A Vibe,0.8,2017,0.118,145.995,spotify:track:6H0AwSQ20mo62jGlPGB8S6,0.556,Hip-Hop
9,0.335,"['dance pop', 'hip pop', 'indie r&b', 'neo soul', 'pop', 'pop rap', 'r&b', 'rap', 'urban contemporary']","['Jhene Aiko', 'Swae Lee']",0.743,276.96,0.624,0.0,6,0.469,-7.403,0,Sativa,0.76,2017,0.0484,126.056,spotify:track:2pg2TiYo9Rb8KeB5JjP7jS,0.713,rnb
10,0.108,"['dance pop', 'hip pop', 'indie r&b', 'neo soul', 'pop', 'pop rap', 'r&b', 'rap', 'urban contemporary']",['Jhene Aiko'],0.639,236.16,0.778,1.12e-06,2,0.108,-6.004,1,While We're Young,0.74,2017,0.194,128.014,spotify:track:4mL59LVbKgOpEACxraGYdr,0.8079999999999999,rnb
11,0.924,"['indie r&b', 'pop', 'r&b', 'rap', 'trap music']","['6LACK', 'Jhene Aiko']",0.391,205.49,0.322,1.29e-06,3,0.0934,-9.809,1,First Fuck,0.68,2017,0.0628,83.947,spotify:track:1u4orOe6gYxeE9xKpv11Qi,0.45,rnb
12,0.147,"['dance pop', 'hip pop', 'indie r&b', 'neo soul', 'pop', 'pop rap', 'r&b', 'rap', 'urban contemporary']","['Jhene Aiko', 'Chris Brown']",0.6920000000000001,228.133,0.463,0.0,0,0.22,-9.506,1,Hello Ego,0.62,2017,0.0928,119.851,spotify:track:2kt06ZsD735FYBZO8yAAQs,0.4320000000000001,rnb
13,0.42,"['dance pop', 'hip pop', 'indie r&b', 'neo soul', 'pop', 'pop rap', 'r&b', 'rap', 'urban contemporary']","['Jhene Aiko', 'Big Sean']",0.474,178.92,0.64,1.0800000000000003e-05,1,0.177,-7.678,0,Moments,0.67,2017,0.251,124.098,spotify:track:2nvmHk4JnsZ94mygliLsou,0.227,rnb
14,0.127,"['afrobeats', 'afropop', 'azonto']","['WizKid', 'Drake']",0.825,211.293,0.453,3.82e-06,4,0.0838,-7.4289999999999985,0,Come Closer,0.67,2017,0.227,99.974,spotify:track:2zYs4BonN2ydkbrRk333SN,0.496,nigeria
15,0.326,"['dance pop', 'pop', 'r&b', 'urban contemporary']",['Rihanna'],0.619,206.4,0.539,0.0,1,0.106,-5.688,0,Sex With Me,0.68,2016,0.0409,112.006,spotify:track:6WAxKNbZoGNzQTIvdMqkFs,0.39,pop
16,0.498,"['edm', 'electro house', 'house', 'pop', 'progressive house']","['Calvin Harris', 'Frank Ocean', 'Migos']",0.736,230.813,0.795,1.21e-06,1,0.254,-3.299,0,Slide,0.74,2017,0.0545,104.066,spotify:track:7tr2za8SQg2CI8EDgrdtNl,0.511,electronic
17,0.495,"['indie r&b', 'pop', 'r&b', 'rap']","['SZA', 'Calvin Harris']",0.775,171.806,0.573,0.0,11,0.126,-4.933,1,The Weekend - Funk Wav Remix,0.83,2017,0.0585,101.925,spotify:track:0P6AWOA4LG1XOctzaVu5tt,0.667,soul
18,0.226,"['dance pop', 'pop', 'post-teen pop', 'urban contemporary']",['Britney Spears'],0.627,218.027,0.713,0.0,11,0.107,-5.6560000000000015,0,Inside Out,0.47,2011,0.0612,119.929,spotify:track:1MXmaCZEtfPrCbtYjJIbzl,0.53,pop
19,0.512,"['edm', 'electronic trap', 'pop']","['DJ Snake', 'Lauv']",0.78,198.286,0.764,1.14e-06,8,0.152,-4.098,1,A Different Way (with Lauv),0.72,2017,0.0391,104.988,spotify:track:1YMBg7rOjxzbya0fPOYfNX,0.545,electronic
20,0.0198,"['dance pop', 'pop', 'post-teen pop']","['Selena Gomez', 'Gucci Mane']",0.7070000000000001,186.113,0.611,3.59e-06,2,0.0651,-4.474,1,Fetish (feat. Gucci Mane),0.75,2017,0.0639,123.006,spotify:track:4lnAN2S1fcI0SjxEbksZVr,0.285,pop
21,0.322,"['dance pop', 'pop', 'post-teen pop', 'urban contemporary']","['Britney Spears', 'Tinashe']",0.752,213.535,0.784,0.0,0,0.11,-4.941,1,Slumber Party feat. Tinashe,0.66,2016,0.0754,135.039,spotify:track:2i9q8CteBmpslOJeQdMGqA,0.464,pop
22,0.319,"['edm', 'electro house', 'house', 'pop', 'progressive house']","['Calvin Harris', 'Kehlani', 'Lil Yachty']",0.7759999999999999,240.093,0.589,0.0,9,0.0715,-4.543,0,Faking It,0.72,2017,0.115,120.034,spotify:track:0pJPdSVti6cTM1Q6xYGmcf,0.6679999999999999,electronic
23,0.177,"['dance pop', 'pop', 'post-teen pop']",['Selena Gomez'],0.95,214.648,0.412,0.0,1,0.077,-6.5920000000000005,1,Bad Liar,0.75,2017,0.0731,121.019,spotify:track:2fZQIJew3nkNe99s2PKzul,0.73,pop
24,0.079,"['dance pop', 'pop', 'post-teen pop']",['Taylor Swift'],0.794,209.68,0.537,4.98e-06,7,0.227,-6.865,1,Gorgeous,0.33,2017,0.16899999999999998,92.022,spotify:track:0CLnkxpa3M4eA3HeGaERat,0.418,country
25,0.0793,['pop'],"['Maroon 5', 'SZA']",0.795,199.849,0.611,3.04e-06,5,0.0853,-5.224,0,What Lovers Do (feat. SZA),0.32,2017,0.0711,110.016,spotify:track:6YVpU5vVxezJCYeQUxIkRT,0.404,rock
26,0.0691,[],"['Aanysa', 'Snakehips']",0.782,225.353,0.742,1.82e-06,8,0.211,-2.25,1,Burn Break Crash,0.54,2016,0.107,122.031,spotify:track:7J9kqM3KFem6P3uSsyitIZ,0.398,pop
27,0.105,"['dance pop', 'edm', 'electro house', 'moombahton', 'pop']","['Major Lazer', 'PARTYNEXTDOOR', 'Nicki Minaj']",0.8029999999999999,203.18,0.743,2.12e-06,1,0.099,-3.602,0,Run Up,0.67,2017,0.0681,108.005,spotify:track:0SujigeT7cxuxBfhN3eOcp,0.674,seen live
28,0.00543,"['dance pop', 'pop', 'pop rap', 'r&b', 'rap']",['Chris Brown'],0.614,129.478,0.598,0.0,10,0.1,-6.335,0,Questions,0.79,2017,0.0561,105.803,spotify:track:5XQMr19TL7Mfksq9zihbOu,0.565,rnb
29,0.242,"['dance pop', 'pop', 'post-teen pop', 'r&b']",['Beyoncé'],0.875,309.72,0.434,0.00146,0,0.234,-7.683,1,Blow,0.62,2014,0.091,120.065,spotify:track:6wwrYruEgWlowPDZMq5116,0.777,rnb
30,0.0362,"['dance pop', 'pop', 'r&b', 'urban contemporary']","['Rihanna', 'SZA']",0.8859999999999999,161.067,0.58,2.3e-06,7,0.0882,-2.144,0,Consideration,0.63,2016,0.0513,144.988,spotify:track:0WgBb7XgdtbUW0GlYel9mH,0.809,pop
31,0.0295,"['dance pop', 'pop', 'post-teen pop']","['Camila Cabello', 'Quavo']",0.655,228.893,0.5760000000000001,0.115,5,0.132,-6.735,0,OMG,0.78,2017,0.0536,139.953,spotify:track:4xBjsLUSjcx2h7PcRikpQp,0.16699999999999998,pop
32,0.361,"['dance pop', 'pop', 'r&b', 'urban contemporary']",['Rihanna'],0.526,186.467,0.622,0.0,3,0.0986,-5.2,1,Desperado,0.65,2016,0.0936,188.783,spotify:track:6KFaHC9G178beAp7P0Vi5S,0.298,pop
33,0.132,"['canadian pop', 'dance pop', 'pop', 'post-teen pop']",['Justin Bieber'],0.59,208.12,0.797,0.0,4,0.0846,-4.901,0,Company,0.72,2015,0.0614,94.948,spotify:track:09mhA1SJjMHniZPF4Hcihn,0.425,pop
34,0.04,"['dance pop', 'girl group', 'pop', 'post-teen pop', 'talent show']","['Little Mix', 'Kid Ink']",0.635,202.96,0.73,0.0,1,0.423,-3.942,0,Touch,0.15,2017,0.0965,101.859,spotify:track:7FPOTINXrud2gCZVAsMTZc,0.541,pop
35,0.226,"['dance pop', 'indie r&b', 'pop', 'post-teen pop', 'r&b', 'rap']",['Kehlani'],0.8270000000000001,191.72,0.7020000000000001,5.04e-05,6,0.158,-7.2639999999999985,1,CRZY,0.71,2017,0.267,130.02,spotify:track:6Dwtha2FtZFoMEBh5GR2sq,0.6940000000000001,rnb
36,0.0401,"['dance pop', 'pop', 'post-teen pop']",['Ariana Grande'],0.621,214.907,0.715,0.0,1,0.103,-5.249,1,Greedy,0.65,2016,0.108,109.978,spotify:track:2tpIAmAq9orm1Owh5pja1w,0.885,pop
37,0.0969,"['dance pop', 'pop', 'post-teen pop', 'viral pop']",['Charlie Puth'],0.774,211.475,0.626,3.12e-05,3,0.0848,-4.432,0,Attention,0.88,2017,0.0432,100.041,spotify:track:4iLqG9SeJSnt0cSPICSjxv,0.777,pop
38,0.131,"['dance pop', 'pop', 'post-teen pop']","['ZAYN', 'PARTYNEXTDOOR']",0.748,188.491,0.627,0.0,7,0.0852,-6.029,1,Still Got Time,0.79,2017,0.0644,120.963,spotify:track:000xQL6tZNLJzIrtIgxqSl,0.524,pop
39,0.0185,"['pop', 'post-teen pop']","['Bruno Mars', 'Cardi B']",0.7040000000000001,217.289,0.8590000000000001,0.0,5,0.0215,-4.877,0,Finesse (Remix) [feat. Cardi B],0.92,2017,0.0996,105.115,spotify:track:3Vo4wInECJQuz9BIBMOu8i,0.926,pop
40,0.267,"['dance pop', 'metropopolis', 'pop', 'post-teen pop', 'swedish pop', 'swedish synthpop', 'tropical house']",['Tove Lo'],0.65,196.835,0.777,0.0,1,0.301,-6.106,0,shedontknowbutsheknows,0.59,2017,0.247,112.955,spotify:track:6flhrkPIIqB0zU8j2T2yyc,0.396,pop
41,0.158,"['dance pop', 'pop', 'post-teen pop']",['Ariana Grande'],0.8079999999999999,179.293,0.464,0.0,1,0.124,-7.767,0,Be Alright,0.67,2016,0.0599,108.817,spotify:track:6f5TuB9WtbA1g49A4DcMQ4,0.6509999999999999,pop
42,0.181,"['dance pop', 'pop', 'post-teen pop']",['Camila Cabello'],0.637,226.973,0.713,0.000637,0,0.13699999999999998,-4.333,1,Never Be the Same,0.9,2018,0.0747,129.923,spotify:track:4eWQlBRaTjPPUlzacqEeoQ,0.243,pop
43,0.158,"['boy band', 'latin', 'pop', 'reggaeton', 'tropical']","['CNCO', 'Little Mix']",0.623,188.787,0.909,0.0,4,0.0972,-3.079,0,Reggaetón Lento (Remix),0.79,2017,0.0758,93.984,spotify:track:5PB8zB1MOZASboLquvinMF,0.6509999999999999,pop
44,0.0239,"['dance pop', 'girl group', 'pop', 'post-teen pop', 'talent show']",['Little Mix'],0.773,246.24,0.747,8.23e-06,5,0.11,-4.061,1,Shout Out to My Ex,0.8,2017,0.0889,126.014,spotify:track:1pwo8l3Ko7idwaz4LVUEC4,0.8,pop
45,0.0348,"['dance pop', 'girl group', 'pop', 'post-teen pop', 'talent show']",['Little Mix'],0.777,211.773,0.895,0.0,4,0.317,-4.464,1,Black Magic,0.73,2015,0.0618,111.987,spotify:track:5y6pj7OeBFF0CVgZKhRbOG,0.826,pop
46,0.0148,"['dance pop', 'indie r&b', 'metropopolis', 'pop', 'pop rap', 'post-teen pop', 'r&b', 'urban contemporary']",['Tinashe'],0.774,183.792,0.635,0.0,5,0.289,-4.9910000000000005,0,Superlove,0.58,2016,0.0588,134.989,spotify:track:1uTXtV2r7DSRnMGKh3HxGi,0.438,rnb
47,0.0481,"['dance pop', 'pop', 'post-teen pop']",['ZAYN'],0.618,178.693,0.645,0.0,1,0.228,-5.2639999999999985,0,TiO,0.72,2016,0.0434,97.654,spotify:track:7jKdgYPDj6AxVU2wk9muN1,0.221,pop
48,0.197,"['dance pop', 'pop', 'pop rap', 'post-teen pop', 'r&b', 'urban contemporary']","['Jennifer Lopez', 'Ja Rule']",0.701,258.667,0.601,0.0,11,0.0649,-7.678,0,I'm Real - Murder Remix,0.63,1999,0.153,83.43299999999998,spotify:track:7rOIWUhSfjWh4E7443PYE8,0.564,pop
49,0.00642,"['dance pop', 'girl group', 'pop', 'post-teen pop', 'talent show']",['Little Mix'],0.762,224.6,0.8540000000000001,1.11e-06,0,0.131,-2.757,0,Is Your Love Enough?,0.76,2017,0.0818,105.969,spotify:track:6W6ijKiufUsBBcgJPKis6T,0.615,pop
50,0.0259,"['dance pop', 'edm', 'house', 'pop', 'tropical house']","['Jax Jones', 'Ina Wroldsen']",0.741,207.63,0.728,0.00025,11,0.14,-5.559,0,Breathe,0.78,2017,0.0408,125.984,spotify:track:0KsB4TwgATg88aXCMBoO3Y,0.703,electronic
51,0.121,"['dance pop', 'edm', 'house', 'pop', 'tropical house']","['Jax Jones', 'Demi Lovato', 'Stefflon Don']",0.764,165.467,0.932,0.0,9,0.103,-3.059,0,Instruction (feat. Demi Lovato & Stefflon Don),0.64,2017,0.189,121.046,spotify:track:6yf3MxEOScNBTYCHOAIiNQ,0.911,electronic
52,0.199,"['hip hop', 'pop rap', 'rap']",['Childish Gambino'],0.743,326.933,0.359,0.00611,1,0.13699999999999998,-10.401,1,Redbone,0.82,2016,0.0794,160.083,spotify:track:3kxfsdsCpFgN412fpnW85Y,0.5870000000000001,Hip-Hop
53,0.182,"['canadian hip hop', 'canadian pop', 'hip hop', 'pop rap', 'rap']",['Drake'],0.924,207.813,0.5429999999999999,0.0,9,0.103,-7.474,0,Fake Love,0.16,2016,0.298,133.907,spotify:track:6NMNgWgEAzde5M8U3lc6FN,0.736,Hip-Hop
54,0.0319,"['canadian hip hop', 'canadian pop', 'hip hop', 'pop rap', 'rap']",['Drake'],0.589,240.653,0.6729999999999999,5.68e-06,7,0.108,-7.082000000000002,1,Feel No Ways,0.7,2016,0.16699999999999998,193.783,spotify:track:3cjF2OFRmip8spwZYQRKxP,0.209,Hip-Hop
55,0.132,"['canadian hip hop', 'canadian pop', 'hip hop', 'pop rap', 'rap']","['Drake', 'PARTYNEXTDOOR']",0.8759999999999999,195.053,0.41,0.000188,1,0.112,-10.034,1,With You,0.67,2016,0.262,127.956,spotify:track:3aJkV6DUTSCqOwVwaBDG9B,0.816,Hip-Hop
56,0.0284,"['hip hop', 'indie r&b', 'neo soul', 'pop', 'pop rap', 'r&b', 'rap']",['Frank Ocean'],0.907,234.093,0.596,0.000193,10,0.19,-4.957,0,Lost,0.68,2012,0.236,123.045,spotify:track:3GZD6HmiNUhxXYf8Gch723,0.4920000000000001,rnb
57,0.33,"['indie r&b', 'pop', 'rap']",['Khalid'],0.736,219.08,0.449,0.000162,1,0.0898,-11.462,0,Location,0.87,2017,0.425,80.126,spotify:track:152lZdxL1OR0ZMW6KquMif,0.326,pop
58,0.304,"['canadian hip hop', 'canadian pop', 'hip hop', 'pop rap', 'rap']",['Drake'],0.804,298.941,0.459,0.0862,11,0.11,-11.556,1,Passionfruit,0.82,2017,0.039,111.963,spotify:track:5mCPDVBb16L4XQwDdbRUpz,0.3720000000000001,Hip-Hop
59,0.695,"['hip hop', 'indie r&b', 'neo soul', 'pop', 'pop rap', 'r&b', 'rap']",['Frank Ocean'],0.5429999999999999,314.075,0.394,0.000239,8,0.108,-9.637,1,Nikes,0.74,2016,0.0864,137.811,spotify:track:19YKaevk2bce4odJkP5L22,0.118,rnb
60,0.67,"['hip hop', 'indie r&b', 'neo soul', 'pop', 'pop rap', 'r&b', 'rap']",['Frank Ocean'],0.544,184.516,0.552,4.57e-05,9,0.415,-7.45,1,Pink + White,0.77,2016,0.0991,159.738,spotify:track:3xKsf9qdS1CyvXSMEid6g8,0.5539999999999999,rnb
61,0.214,"['detroit hip hop', 'hip hop', 'pop', 'pop rap', 'rap', 'southern hip hop', 'trap music']","['Big Sean', 'Chance The Rapper', 'Jeremih']",0.7170000000000001,276.347,0.618,0.0,11,0.108,-5.419,1,Living Single,0.7,2016,0.315,79.862,spotify:track:36xxq7VDZZsGwARsn6Clo7,0.7190000000000001,Hip-Hop
62,0.00015,"['chillwave', 'folk-pop', 'indie pop', 'indie rock', 'indietronica', 'la indie', 'metropopolis', 'modern rock', 'noise pop', 'nu gaze', 'synthpop']",['Best Coast'],0.439,196.16,0.93,0.00772,9,0.108,-3.3760000000000003,1,Feeling Ok,0.3,2015,0.0575,118.994,spotify:track:0TPdgw5neHLRE7oxKFodiw,0.289,Lo-Fi
63,0.044,"['art pop', 'escape room', 'indie r&b', 'neo soul', 'pop']",['Kelela'],0.746,238.146,0.417,7.979999999999999e-05,11,0.12,-6.606,1,Rewind,0.36,2015,0.0474,132.034,spotify:track:2adF8MLoBFPSh1mxXYgK9T,0.229,rnb
64,0.0511,"['indie r&b', 'pop', 'pop rap', 'r&b', 'rap', 'trap music', 'urban contemporary']","['PARTYNEXTDOOR', 'Drake']",0.7170000000000001,235.477,0.34700000000000003,2.43e-06,11,0.087,-10.265,0,Come and See Me (feat. Drake),0.79,2016,0.0636,84.98700000000002,spotify:track:1wZqJM5FGDEl3FjHDxDyQd,0.0589,rnb
65,0.6890000000000001,"['funk', 'modern blues', 'soul']",['Leon Bridges'],0.6579999999999999,238.56,0.179,0.0,8,0.17,-10.866,1,River,0.76,2015,0.0448,128.128,spotify:track:0NeJjNlprGfZpeX2LQuN6c,0.191,soul
66,0.00584,"['deep funk', 'funk', 'modern blues', 'soul', 'soul blues']",['Charles Bradley'],0.41,342.999,0.449,0.00133,0,0.067,-8.14,1,Changes,0.62,2016,0.0346,148.119,spotify:track:3i85UIF4nR7qZXTnEwqdPr,0.307,soul
67,0.514,"['chicago soul', 'funk', 'jazz blues', 'memphis blues', 'memphis soul', 'new orleans blues', 'soul', 'soul blues', 'southern soul']",['Irma Thomas'],0.649,148.427,0.442,3.04e-06,3,0.102,-12.719,1,Straight From The Heart,0.47,1964,0.03,94.61,spotify:track:2pv2bS54WfwkbEQygh1S8T,0.6579999999999999,soul
68,0.0521,"['canadian hip hop', 'canadian pop', 'hip hop', 'pop rap', 'rap']",['Drake'],0.7240000000000001,216.558,0.5479999999999999,7.400000000000001e-06,7,0.104,-8.062000000000001,0,Blem,0.72,2017,0.0497,98.017,spotify:track:2XlHu0HcujBCkWMdIAvrqt,0.392,Hip-Hop
69,0.14800000000000002,"['hip hop', 'pop rap', 'rap', 'west coast rap']","['Kendrick Lamar', 'U2']",0.65,254.2,0.618,1.69e-06,8,0.11,-6.975,1,XXX. FEAT. U2.,0.71,2017,0.35700000000000004,129.989,spotify:track:4iYRa2btalAzPZoSYfROqF,0.297,Hip-Hop
70,0.0224,"['hip hop', 'pop rap', 'rap', 'west coast rap']","['Kendrick Lamar', 'Rihanna']",0.6809999999999999,227.36,0.541,0.0,9,0.16699999999999998,-8.926,0,LOYALTY. FEAT. RIHANNA.,0.78,2017,0.055,110.803,spotify:track:6SwRhMLwNqEi6alNPVG00n,0.413,Hip-Hop
71,0.0047,"['hip hop', 'pop rap', 'rap', 'west coast rap']",['Kendrick Lamar'],0.637,185.947,0.514,0.0,1,0.094,-6.763,1,DNA.,0.82,2017,0.365,139.931,spotify:track:6HZILIRieu8S0iqY8kIKhj,0.402,Hip-Hop
72,0.00797,"['deep southern trap', 'deep trap', 'dirty south rap', 'gangster rap', 'pop rap', 'rap', 'southern hip hop', 'trap music']",['Trae Tha Truth'],0.531,284.5,0.691,0.0,1,0.0802,-12.528,1,"Im From Texas (feat. Slim Thug, Bun B, Kirko Bangz, Z-Ro, Paul Wall)",0.38,2012,0.313,135.066,spotify:track:2BU7UCFB3fwfuG149xnfam,0.711,Dirty South
73,0.478,"['funk', 'neo soul', 'soul']",['Michael Kiwanuka'],0.604,258.96,0.8340000000000001,0.000187,7,0.0738,-7.8439999999999985,1,Black Man In A White World,0.46,2016,0.111,103.738,spotify:track:3ddle9t9JiBFVqHyrnaGxz,0.725,soul
74,0.0253,"['indie r&b', 'pop', 'pop rap', 'r&b', 'rap', 'trap music', 'urban contemporary']",['PARTYNEXTDOOR'],0.598,202.661,0.496,0.00132,0,0.12,-9.309,1,Not Nice,0.71,2016,0.0804,128.06,spotify:track:4STaHtfguDMkWbPEo6Fwcx,0.725,rnb
75,0.154,"['detroit hip hop', 'hip hop', 'pop', 'pop rap', 'rap', 'southern hip hop', 'trap music']","['Big Sean', 'Jhene Aiko', 'Lil Wayne']",0.7659999999999999,236.56,0.536,3.96e-06,5,0.476,-6.183,0,Beware,0.56,2013,0.121,97.076,spotify:track:7qFizcYCJj2NLTO9pPk9Lc,0.0638,Hip-Hop
76,0.0204,['reggae rock'],['Rebelution'],0.8,189.613,0.6609999999999999,0.000107,7,0.0687,-8.291,1,Count Me In,0.62,2014,0.0304,92.015,spotify:track:0BweE3lWBMXRPWWLtLV5z8,0.59,reggae
77,0.593,"['etherpop', 'indie r&b', 'pop', 'r&b']","['Alina Baraz', 'Khalid']",0.637,245.294,0.359,5.39e-05,10,0.108,-9.841,0,Electric (feat. Khalid),0.24,2017,0.0325,111.049,spotify:track:25wBlLDFcspzo9gBqvrQr3,0.142,electronic
78,0.29,"['hip hop', 'pop rap', 'rap', 'west coast rap']","['Kendrick Lamar', 'Zacari']",0.7979999999999999,213.4,0.5820000000000001,0.0,10,0.153,-7.38,1,LOVE. FEAT. ZACARI.,0.85,2017,0.103,126.075,spotify:track:6PGoSes0D9eUDeeAafB2As,0.7659999999999999,Hip-Hop
79,0.0739,"['alternative dance', 'art pop', 'chillwave', 'dream pop', 'escape room', 'freak folk', 'indie pop', 'indie r&b', 'indietronica', 'metropopolis', 'neo soul', 'neo-psychedelic', 'new rave', 'shimmer pop', 'synthpop']",['Blood Orange'],0.762,260.107,0.627,0.00035800000000000003,11,0.0965,-8.118,1,Chamakay,0.51,2013,0.0403,110.014,spotify:track:2iR4oHXi5qsb17b0KHVpon,0.339,chillwave
80,0.068,"['dance pop', 'escape room', 'hip pop', 'indie r&b', 'neo soul', 'pop', 'r&b', 'urban contemporary']",['Solange'],0.713,262.28,0.575,0.00028,7,0.132,-6.761,0,Lovers In The Parking Lot,0.42,2012,0.0457,95.025,spotify:track:4WIAqrG0Nn1odYx7bZWJNj,0.447,rnb
81,0.0323,"['escape room', 'hip hop', 'indie r&b']","['KAYTRANADA', 'Syd']",0.8240000000000001,227.707,0.396,0.00289,2,0.108,-9.663,1,YOU'RE THE ONE,0.68,2016,0.332,118.053,spotify:track:2b4SSorCTQ2VzmllaeWuuT,0.252,Hip-Hop
82,0.199,"['indie r&b', 'pop', 'rap']",['Khalid'],0.7979999999999999,202.547,0.539,1.66e-05,1,0.165,-6.351,1,Young Dumb & Broke,0.9,2017,0.0421,136.94899999999998,spotify:track:5Z3GHaZ6ec9bsiI5BenrbY,0.394,pop
83,0.225,"['indie r&b', 'pop', 'rap']",['Khalid'],0.83,228.6,0.585,0.00209,1,0.0576,-5.8020000000000005,1,8TEEN,0.81,2017,0.0366,105.03,spotify:track:5bgwqaRSS3M8WHWruHgSL5,0.642,pop
84,0.935,"['indie r&b', 'pop', 'rap']",['Khalid'],0.441,199.12,0.219,0.0,8,0.115,-14.586,1,Coaster,0.79,2017,0.0419,94.021,spotify:track:39KG4kom3enSx4GTThuDGt,0.244,pop
85,0.343,"['indie r&b', 'pop', 'r&b', 'rap']","['SZA', 'Kendrick Lamar']",0.6920000000000001,266.08,0.713,0.0,10,0.102,-4.489,0,Doves In The Wind,0.72,2017,0.35100000000000003,137.36,spotify:track:593W4qZOwwdqF6YnimJjL6,0.615,soul
86,0.0755,[],"['DJDS', 'Khalid', 'Empress Of']",0.693,199.98,0.674,1.42e-06,1,0.194,-5.58,1,Why Don't You Come On,0.67,2017,0.0626,128.096,spotify:track:1zOrNX2Rp00WGJzNJUfj0V,0.316,electronic
87,0.0344,"['indie r&b', 'neo soul']",['Gallant'],0.381,203.579,0.44,4.09e-06,5,0.119,-5.539,0,Weight In Gold,0.03,2015,0.0792,178.708,spotify:track:6W9diysjR1V67SRLaygwlI,0.375,soul
88,0.111,"['indie r&b', 'pop', 'r&b', 'rap']","['SZA', 'Travis Scott']",0.795,275.08,0.594,0.0,0,0.162,-6.2,1,Love Galore,0.83,2017,0.0747,135.002,spotify:track:0q75NwOoFiARAVp4EXU4Bs,0.409,soul
89,0.000148,"['dance pop', 'hip pop', 'indie r&b', 'neo soul', 'pop', 'pop rap', 'r&b', 'rap', 'urban contemporary']","['Jhene Aiko', 'TWENTY88']",0.7709999999999999,348.693,0.88,1.46e-06,1,0.0968,-7.022,1,OLLA (Only Lovers Left Alive),0.56,2017,0.0418,120.0,spotify:track:1DlMzdRaFpIABvx07jCgvQ,0.545,rnb
90,0.16,"['deep pop r&b', 'indie r&b']",['TWENTY88'],0.552,251.907,0.603,0.0,8,0.08800000000000001,-8.948,1,Déjà vu,0.56,2016,0.168,123.709,spotify:track:6amzJ3wmEDf7e5tHAndZmn,0.382,rnb
91,0.0808,"['deep pop r&b', 'indie r&b']",['TWENTY88'],0.584,203.227,0.687,0.0,1,0.2,-7.176,0,On The Way,0.58,2016,0.321,129.90200000000002,spotify:track:2TAf6ITyhwc9Z3MYb4tSYl,0.324,rnb
92,0.235,"['canadian hip hop', 'canadian pop', 'hip hop', 'pop rap', 'rap']",['Drake'],0.8340000000000001,205.163,0.527,0.00968,7,0.632,-10.4,1,Madiba Riddim,0.67,2017,0.193,105.86,spotify:track:76gUmNLXGQVOsGhfcshkFP,0.319,Hip-Hop
93,0.247,"['escape room', 'indie r&b', 'neo soul', 'r&b']","['Syd', '6LACK']",0.784,190.96,0.511,0.00047,0,0.126,-5.122000000000001,0,Over,0.62,2017,0.0534,145.003,spotify:track:7M7IOOxwJpr6Fwf3YQbBCB,0.5920000000000001,singer-songwriter
94,0.596,[],"['Emilia Ali', 'Dwilly']",0.748,157.5,0.62,3.32e-06,7,0.13699999999999998,-7.025,0,Dreamland,0.12,2017,0.237,128.02200000000002,spotify:track:286sCTOvQWSTIeSovdz7fG,0.58,not available
95,0.0271,"['aussietronica', 'australian dance', 'deep australian indie', 'indie dream pop', 'vapor soul', 'vapor twitch']","[""Cosmo's Midnight""]",0.7859999999999999,208.067,0.463,0.0,11,0.185,-10.015,0,History,0.62,2017,0.314,104.959,spotify:track:1Ba0ucfKPaRzS3AKvX3X3r,0.451,chillwave
96,0.0603,"['art pop', 'chamber pop', 'chillwave', 'dream pop', 'folk-pop', 'freak folk', 'indie folk', 'indie pop', 'indie rock', 'indietronica', 'modern rock', 'neo-psychedelic', 'new rave', 'noise pop', 'synthpop']",['Beach House'],0.637,322.76,0.5479999999999999,0.0842,5,0.0785,-6.527,1,Walk in the Park,0.48,2010,0.0253,141.387,spotify:track:4oNXgGnumnu5oIXXyP8StH,0.868,dream pop
97,0.219,"['alternative dance', 'alternative rock', 'art pop', 'art rock', 'chamber pop', 'chillwave', 'dance-punk', 'dream pop', 'experimental rock', 'folk-pop', 'freak folk', 'garage psych', 'garage rock', 'indie folk', 'indie pop', 'indie rock', 'indietronica', 'lo-fi', 'modern rock', 'neo-psychedelic', 'new rave', 'new wave', 'noise pop', 'noise rock', 'nu gaze', 'preverb', 'shoegaze', 'singer-songwriter', 'slow core', 'synthpop']",['Deerhunter'],0.504,298.173,0.718,0.503,4,0.257,-7.202000000000001,1,Helicopter,0.58,2010,0.039,73.984,spotify:track:6cqXhzuVIH4Hm2CkF7ZN21,0.418,shoegaze
98,0.6629999999999999,['chamber pop'],['Stornoway'],0.436,230.507,0.72,0.00136,4,0.193,-8.127,1,I Saw You Blink,0.26,2010,0.0463,153.634,spotify:track:4mT2VI23PYyHCVZAtoOMo3,0.6940000000000001,indie
99,0.0242,"['indie pop', 'shimmer pop']",['Telekinesis'],0.476,222.587,0.932,0.000353,2,0.623,-6.33,1,All of a Sudden,0.15,2009,0.0843,149.93,spotify:track:1cSfOf7oScWJYcBJ3kmnGx,0.474,indie
100,0.0627,"['indie pop', 'indie poptimism', 'la indie', 'modern rock', 'pop quebecois']",['Fitz and The Tantrums'],0.764,170.427,0.85,0.00574,8,0.232,-4.246,1,Breakin' The Chains of Love,0.0,2010,0.0368,112.323,spotify:track:4Idu1EmLxjXeuyMvCcOI7k,0.958,soul
101,0.226,[],"['JR JR', 'Dale Earnhardt Jr Jr']",0.596,142.773,0.632,0.212,4,0.307,-6.756,1,Simple Girl,0.46,2011,0.0367,108.047,spotify:track:4VujpUd5p9qCSoF2F5ZFLo,0.557,indie
102,0.132,"['neo soul', 'pop', 'r&b', 'urban contemporary']",['John Legend'],0.73,227.827,0.527,0.0,0,0.328,-9.264,0,Each Day Gets Better,0.0,2006,0.035,99.948,spotify:track:0ZJE48Hc66fIYWXevPlvyG,0.602,soul
103,0.496,"['album rock', 'art rock', 'classic rock', 'dance rock', 'mellow gold', 'new wave', 'permanent wave', 'rock', 'soft rock']",['The Police'],0.642,294.333,0.512,0.302,7,0.114,-10.834,1,Hole In My Life,0.21,1993,0.0457,145.67,spotify:track:1MxSMvZCgjfU7gADc2eEYT,0.573,rock
104,5.260000000000001e-05,[],['Various Cruelties'],0.513,158.244,0.909,0.000328,9,0.7609999999999999,-3.2880000000000003,0,Neon Truth,0.0,2012,0.0341,129.993,spotify:track:0AXnNiBTBzT2j9s1Cr9cXy,0.746,indie
105,0.277,"['classic rock', 'folk', 'folk rock', 'mellow gold', 'rock', 'roots rock', 'singer-songwriter', 'soft rock', 'soul']",['Van Morrison'],0.605,273.973,0.406,6.47e-06,7,0.05,-13.435,1,And It Stoned Me,0.05,1970,0.0335,75.252,spotify:track:6zsZvVaKK3VR0s7STZUH5u,0.5479999999999999,classic rock
106,0.161,"['lounge', 'nu jazz']",['Nouvelle Vague'],0.569,194.693,0.883,0.00558,2,0.14,-5.325,1,Blister In The Sun,0.0,2009,0.028,140.019,spotify:track:6xjw9lCCsfMprN8XRk2LJt,0.941,Bossa Nova
107,0.0113,"['chillwave', 'preverb']",['Seapony'],0.519,163.813,0.914,0.745,0,0.17,-4.69,1,So Low,0.15,2011,0.0382,136.303,spotify:track:2bHjxwtveR5rnqXRB7YdRX,0.845,indie pop
108,0.287,"['art pop', 'chamber pop', 'chicago indie', 'folk-pop', 'freak folk', 'indie folk', 'indie pop', 'indie rock', 'melancholia', 'modern rock', 'new americana', 'singer-songwriter', 'stomp and holler']",['Andrew Bird'],0.602,216.733,0.7190000000000001,0.0235,8,0.125,-9.339,1,Simple X,0.0,2007,0.126,108.655,spotify:track:4v3dmrH9tb2I5en4UNxi4U,0.444,indie
109,0.104,"['art pop', 'canadian indie', 'canadian pop', 'chamber pop', 'folk-pop', 'indie folk', 'indie pop', 'indie rock', 'pop rock', 'singer-songwriter', 'slow core']",['Feist'],0.568,172.747,0.703,0.0048200000000000005,2,0.31,-6.292000000000002,1,Past In Present,0.28,2007,0.0305,167.065,spotify:track:7BMSaV2iNXcS6JF4RxUn7N,0.376,female vocalists
110,0.00514,"['c86', 'twee pop']",['Cats On Fire'],0.453,175.64,0.778,0.0,7,0.0983,-6.3870000000000005,1,Higher Grounds,0.04,2010,0.0528,165.78400000000005,spotify:track:37RqrRJy13PK3N1OdY6wB6,0.364,indie pop
111,0.963,['pop'],['Adele'],0.805,220.507,0.104,0.0,9,0.107,-13.237,1,Daydreamer,0.0,2008,0.0404,108.959,spotify:track:21CFGfTfSDwiB7owGXOuuH,0.335,soul
112,0.0134,"['alternative dance', 'art pop', 'escape room', 'indie pop', 'indietronica', 'new rave', 'synthpop']",['Santigold'],0.7190000000000001,212.213,0.8440000000000001,0.00356,8,0.118,-6.274,1,The Keepers,0.4,2012,0.0638,120.018,spotify:track:1BaVwEV5FogbZuCzpSc7Jl,0.6509999999999999,electronic
113,0.0105,"['alternative dance', 'art pop', 'brooklyn indie', 'chillwave', 'dream pop', 'indie pop', 'indie psych-rock', 'indie rock', 'indietronica', 'modern rock', 'neo-psychedelic', 'new rave', 'nu gaze', 'shimmer pop', 'synthpop']",['Cults'],0.649,162.133,0.921,0.00114,1,0.14400000000000002,-3.614,1,Bumper,0.36,2011,0.0316,126.028,spotify:track:3mW598BBYNoPKew09tRUYz,0.855,indie pop
114,0.0682,"['alternative dance', 'alternative rock', 'dance-punk', 'garage rock', 'indie folk', 'indie pop', 'indie rock', 'indietronica', 'la indie', 'modern rock', 'neo-psychedelic', 'new rave', 'shimmer pop', 'stomp and holler', 'synthpop']",['Broken Bells'],0.61,232.2,0.637,6.12e-06,0,0.284,-6.574,1,The High Road,0.68,2010,0.0238,79.955,spotify:track:5cwN1htZyoWqZCc33f3RfE,0.609,indie
115,0.138,"['alternative dance', 'chillwave', 'indie pop', 'indie r&b', 'indie rock', 'indietronica', 'metropopolis', 'modern rock', 'new rave', 'shimmer pop', 'synthpop']",['Phantogram'],0.613,253.427,0.815,0.821,0,0.113,-4.541,1,Mouthful of Diamonds,0.01,2009,0.0295,99.983,spotify:track:1d1uRlSEcYFmty6ihoAr84,0.219,trip-hop
116,0.00252,"['alternative dance', 'art pop', 'big beat', 'chamber pop', 'dance-punk', 'electroclash', 'electronic', 'indietronica', 'new rave', 'new wave pop', 'pop rock', 'singer-songwriter', 'synthpop', 'trip hop']",['Goldfrapp'],0.58,307.16,0.789,0.239,9,0.0707,-7.475,0,Dreaming,0.0,2010,0.0277,118.912,spotify:track:1AEb3WauZwGV740MfaW7T1,0.755,electronic
117,0.0205,['shimmer pop'],['GIVERS'],0.398,307.56,0.8220000000000001,0.00731,1,0.0485,-7.449,1,Saw You First,0.01,2011,0.0685,123.175,spotify:track:28TAg102FbPdaDwbRTR7kz,0.26,indie pop
118,0.0106,"['metalcore', 'nintendocore', 'post-screamo', 'rap metal', 'screamo']",['Stars'],0.563,243.147,0.88,4.31e-05,0,0.484,-5.28,1,Elevator Love Letter,0.01,2003,0.0248,101.982,spotify:track:6LDYVzxjDSAO92UZ5veM3u,0.855,indie
119,0.0249,"['aussietronica', 'australian alternative rock', 'australian garage punk', 'deep australian indie', 'indie garage rock']",['Hockey'],0.667,251.947,0.638,7.08e-05,1,0.108,-7.704,1,Too Fake,0.2,2009,0.0449,138.465,spotify:track:3chKvnAzaxSpUecKlZ8yx3,0.524,indie
120,0.00991,"['garage rock', 'indie rock', 'modern rock']",['Julian Casablancas'],0.499,294.413,0.95,0.493,0,0.152,-2.934,0,Left & Right in the Dark,0.42,2009,0.044,146.361,spotify:track:1jgXeMFSkF0XwhkbR1Bu8W,0.7559999999999999,indie
121,1.42e-05,"['alternative dance', 'dance-punk', 'indie pop', 'indietronica', 'new rave']",['Black Kids'],0.441,222.613,0.906,0.0,0,0.363,-5.686,1,I'm Not Gonna Teach Your Boyfriend How To Dance With You,0.39,2008,0.0603,125.285,spotify:track:6F5hPnwW7de7IcAuU7wYZr,0.731,indie
122,0.232,"['alternative rock', 'garage rock', 'indie rock', 'modern rock', 'rock']",['Kings of Leon'],0.596,134.907,0.899,3.98e-06,11,0.212,-3.967,1,Molly's Chambers,0.58,2003,0.0504,146.44799999999995,spotify:track:5n0zgoPE7NJq1E8mbQd4Q6,0.939,rock
123,0.204,"['hardcore techno', 'hip house']",['Sunscreem'],0.609,251.68,0.841,1.11e-06,2,0.237,-7.974,1,Love U More,0.08,2009,0.0332,126.06,spotify:track:4KxvwiBzZwNpYpgN4iPRzV,0.521,dance
124,0.000373,"['alternative dance', 'chillwave', 'indie folk', 'indie pop', 'indie rock', 'indietronica', 'modern rock', 'neo-psychedelic', 'new rave', 'synthpop']",['Future Islands'],0.472,246.427,0.855,0.93,0,0.887,-6.937,1,Balance,0.04,2011,0.069,154.908,spotify:track:189gb58kHUdS5MdLBcz18f,0.16699999999999998,seen live
125,0.061,[],['Theophilus London'],0.616,202.653,0.8190000000000001,0.00441,2,0.453,-6.136,0,I Stand Alone,0.37,2011,0.0548,160.07399999999996,spotify:track:4ia0bq2D0F5zR4gpA92vfN,0.6759999999999999,Hip-Hop
126,0.0304,"['icelandic pop', 'icelandic rock']",['Mugison'],0.362,234.32,0.767,0.0679,7,0.301,-5.132999999999999,1,I want you,0.0,2005,0.0588,84.807,spotify:track:1JwSBGPqnN4SJ64NGEtocN,0.334,icelandic
127,0.000531,"['alternative dance', 'art pop', 'chillwave', 'dream pop', 'escape room', 'freak folk', 'indie pop', 'indie r&b', 'indietronica', 'metropopolis', 'neo soul', 'neo-psychedelic', 'new rave', 'shimmer pop', 'synthpop']",['Blood Orange'],0.8420000000000001,213.893,0.389,0.475,11,0.134,-10.421,0,Sutphin Boulevard,0.01,2011,0.0707,99.778,spotify:track:4xWZLAJROTARQNxXvRgnfq,0.868,chillwave
128,0.0191,"['indietronica', 'metropopolis', 'synthpop']",['M83'],0.521,243.96,0.752,0.0,11,0.0682,-5.374,0,Midnight City,0.1,2011,0.0369,105.051,spotify:track:36lqt57OHqk48BVFzPDEKt,0.3,electronic
129,0.17600000000000002,['pop rap'],['Aloe Blacc'],0.838,244.386,0.3670000000000001,0.0,6,0.0861,-11.833,0,I Need A Dollar,0.14,2010,0.0396,95.508,spotify:track:19KlLuxA7AxvQpoQYx7zhG,0.961,soul
130,0.7,"['metalcore', 'nintendocore', 'post-screamo', 'rap metal', 'screamo']",['Stars'],0.384,211.307,0.375,0.0004280000000000001,3,0.0846,-9.266,1,Dead Hearts,0.0,2010,0.028,77.325,spotify:track:36xYVBSCz4KQEcb9m3RHT5,0.289,indie
131,0.0377,"['metalcore', 'nintendocore', 'post-screamo', 'rap metal', 'screamo']",['Stars'],0.57,266.827,0.674,0.13699999999999998,7,0.152,-6.327000000000001,1,The Theory of Relativity,0.0,2012,0.055,108.023,spotify:track:5aJnpgjVWot4ZGmjL3CZ1x,0.732,indie
132,0.039,"['metalcore', 'nintendocore', 'post-screamo', 'rap metal', 'screamo']",['Stars'],0.54,131.587,0.773,0.00557,2,0.125,-5.36,1,Backlines,0.0,2012,0.0335,130.043,spotify:track:5SFNuQ7FucfiqoryTWKJ5p,0.564,indie
133,0.514,"['metalcore', 'nintendocore', 'post-screamo', 'rap metal', 'screamo']",['Stars'],0.557,292.133,0.493,0.293,7,0.117,-9.227,1,The North,0.0,2012,0.0313,128.069,spotify:track:2Bd9FEQw84XolJUScMNXGo,0.459,indie
134,0.0133,"['metalcore', 'nintendocore', 'post-screamo', 'rap metal', 'screamo']",['Stars'],0.61,279.0,0.815,0.279,8,0.1,-6.587999999999999,1,Hold On When You Get Love and Let Go When You Give It,0.0,2012,0.04,117.991,spotify:track:2jOh09T0wBQVWr2kyQfE8S,0.579,indie
135,0.197,"['metalcore', 'nintendocore', 'post-screamo', 'rap metal', 'screamo']",['Stars'],0.318,250.693,0.677,0.589,9,0.33,-7.606,1,Through the Mines,0.0,2012,0.0367,169.87099999999995,spotify:track:5QQRYDzn67UeahDRWlV8pO,0.17600000000000002,indie
136,0.00675,"['metalcore', 'nintendocore', 'post-screamo', 'rap metal', 'screamo']",['Stars'],0.527,191.973,0.511,0.000638,2,0.204,-7.222,0,Do You Want To Die Together?,0.0,2012,0.0503,100.003,spotify:track:2DO8EP1eGeyn4HHzCIrZQf,0.341,indie
137,0.823,"['metalcore', 'nintendocore', 'post-screamo', 'rap metal', 'screamo']",['Stars'],0.57,186.867,0.5489999999999999,0.0129,3,0.145,-8.941,1,Lights Changing Colour,0.0,2012,0.0289,108.113,spotify:track:3JYdqkoh2rHqCEzB2j6AV7,0.391,indie
138,0.5760000000000001,"['metalcore', 'nintendocore', 'post-screamo', 'rap metal', 'screamo']",['Stars'],0.456,152.253,0.77,0.956,2,0.108,-8.291,1,The Loose Ends Will Make Knots,0.0,2012,0.136,130.447,spotify:track:4lU0s9nzzt89RMVZXmbCdB,0.726,indie
139,0.142,"['metalcore', 'nintendocore', 'post-screamo', 'rap metal', 'screamo']",['Stars'],0.5720000000000001,192.2,0.657,0.00488,5,0.315,-6.1320000000000014,1,A Song is a Weapon,0.0,2012,0.0288,102.946,spotify:track:6x5MayEZCfPc74wrSbGVJx,0.51,indie
140,0.0855,"['metalcore', 'nintendocore', 'post-screamo', 'rap metal', 'screamo']",['Stars'],0.7490000000000001,230.267,0.381,0.924,5,0.0804,-7.1720000000000015,1,Progress,0.0,2012,0.0387,133.999,spotify:track:13KVhCJveC4WDcUdp36TED,0.5529999999999999,indie
141,0.903,"['metalcore', 'nintendocore', 'post-screamo', 'rap metal', 'screamo']",['Stars'],0.266,208.28,0.29,0.000416,8,0.825,-12.821,1,The 400,0.0,2012,0.0333,79.675,spotify:track:6ef1CX0bW9DZaYdZ7UALXB,0.268,indie
142,0.355,"['metalcore', 'nintendocore', 'post-screamo', 'rap metal', 'screamo']",['Stars'],0.541,256.56,0.488,0.0157,11,0.121,-9.468,1,Walls,0.0,2012,0.0458,137.97799999999998,spotify:track:6ehIDgDL4sNnaVsLYHVwfH,0.273,indie
143,0.00225,['shimmer pop'],['GIVERS'],0.413,273.84,0.8140000000000001,0.000226,2,0.25,-6.582999999999998,1,Up Up Up,0.01,2011,0.106,116.739,spotify:track:3QnLSwpsMgFRBhswQ0Kv4u,0.285,indie pop
144,0.115,"['alternative dance', 'art pop', 'brooklyn indie', 'chillwave', 'dream pop', 'indie pop', 'indie psych-rock', 'indie rock', 'indietronica', 'modern rock', 'neo-psychedelic', 'new rave', 'nu gaze', 'shimmer pop', 'synthpop']",['Cults'],0.374,204.4,0.6970000000000001,0.893,2,0.343,-6.757999999999999,1,Go Outside,0.57,2011,0.0331,77.54899999999998,spotify:track:0VnLohgzwLEleLmo19Z8B0,0.493,indie pop
145,0.00632,"['alternative dance', 'art pop', 'brooklyn indie', 'chillwave', 'dream pop', 'indie pop', 'indie psych-rock', 'indie rock', 'indietronica', 'modern rock', 'neo-psychedelic', 'new rave', 'nu gaze', 'shimmer pop', 'synthpop']",['Cults'],0.374,172.96,0.937,0.0207,9,0.18600000000000005,-3.882,1,Abducted,0.42,2011,0.08199999999999999,149.812,spotify:track:0OLyp6n6yMwIzzlubXDrsK,0.342,indie pop
146,0.001,"['alternative dance', 'art pop', 'brooklyn indie', 'chillwave', 'dream pop', 'indie pop', 'indie psych-rock', 'indie rock', 'indietronica', 'modern rock', 'neo-psychedelic', 'new rave', 'nu gaze', 'shimmer pop', 'synthpop']",['Cults'],0.317,151.733,0.568,0.0,11,0.0813,-6.02,1,You Know What I Mean,0.47,2011,0.0297,180.09900000000005,spotify:track:0Vbp9n2YaXiQiS2tHLZSKl,0.3,indie pop
147,2.95e-05,"['alternative dance', 'art pop', 'brooklyn indie', 'chillwave', 'dream pop', 'indie pop', 'indie psych-rock', 'indie rock', 'indietronica', 'modern rock', 'neo-psychedelic', 'new rave', 'nu gaze', 'shimmer pop', 'synthpop']",['Cults'],0.392,200.533,0.956,4.89e-06,10,0.342,-3.164,1,Oh My God,0.35,2011,0.0498,159.94799999999995,spotify:track:32MSIWsYMqmbxOn4de2RYO,0.831,indie pop
148,0.00135,"['chillwave', 'folk-pop', 'indie pop', 'indie rock', 'indietronica', 'la indie', 'metropopolis', 'modern rock', 'noise pop', 'nu gaze', 'synthpop']",['Best Coast'],0.544,162.634,0.809,0.000386,7,0.114,-6.5070000000000014,1,The Only Place,0.0,2012,0.0295,105.469,spotify:track:2blaIOZt6xa63l9XGh0zRz,0.753,Lo-Fi
149,0.000105,"['alternative dance', 'chillwave', 'dream pop', 'indie pop', 'indie rock', 'indietronica', 'modern rock', 'neo-psychedelic', 'new rave', 'nu gaze', 'shimmer pop', 'synthpop']",['Washed Out'],0.34,192.08,0.737,0.762,8,0.0699,-4.681,1,Feel It All Around,0.11,2010,0.0582,172.02200000000005,spotify:track:0BJTbkmrB2Y4E9M8qVzbYZ,0.499,chillwave
150,0.0928,"['modern rock', 'neo-psychedelic']",['Portugal. The Man'],0.544,215.933,0.758,0.000232,0,0.113,-5.854,1,So American,0.55,2011,0.0319,141.804,spotify:track:4vWNhCGqrNVfZxunY47GDf,0.537,experimental
151,0.0762,"['alternative dance', 'chillwave', 'dream pop', 'indie pop', 'indie rock', 'indietronica', 'modern rock', 'neo-psychedelic', 'new rave', 'nu gaze', 'shimmer pop', 'synthpop']",['Washed Out'],0.505,266.093,0.861,0.0844,9,0.309,-6.864,1,Amor Fati,0.51,2011,0.104,100.959,spotify:track:60KqmTYKZzSElJidL2U2o1,0.504,chillwave
152,0.0799,"['alternative dance', 'chillwave', 'dream pop', 'indie pop', 'indie rock', 'indietronica', 'modern rock', 'neo-psychedelic', 'new rave', 'nu gaze', 'shimmer pop', 'synthpop']",['Washed Out'],0.453,331.88,0.6459999999999999,0.949,4,0.116,-12.231,1,Soft,0.44,2011,0.0452,114.96,spotify:track:79JDpkcg2mpW5L5Db3zGUM,0.0515,chillwave
153,0.00175,"['alternative dance', 'chillwave', 'dream pop', 'indie pop', 'indie rock', 'indietronica', 'modern rock', 'neo-psychedelic', 'new rave', 'nu gaze', 'shimmer pop', 'synthpop']",['Washed Out'],0.594,240.16,0.6859999999999999,0.853,11,0.34600000000000003,-11.344,0,Far Away,0.39,2011,0.0331,104.989,spotify:track:6nqBPTvDI5KJCgZGXM4UQ0,0.103,chillwave
154,0.0928,"['modern rock', 'neo-psychedelic']",['Portugal. The Man'],0.544,215.933,0.758,0.000232,0,0.113,-5.854,1,So American,0.55,2011,0.0319,141.804,spotify:track:4vWNhCGqrNVfZxunY47GDf,0.537,experimental
155,0.125,"['bay area indie', 'chamber pop', 'chillwave', 'indie pop', 'indie poptimism', 'indie psych-rock', 'indietronica', 'shimmer pop', 'vapor soul']",['Geographer'],0.63,302.387,0.7140000000000001,0.0032,1,0.0934,-6.269,1,Verona,0.41,2010,0.0341,120.021,spotify:track:46TnWnsjQe4ghhykH1i0cM,0.273,indie pop
156,0.0723,"['metalcore', 'nintendocore', 'post-screamo', 'rap metal', 'screamo']",['Stars'],0.529,281.213,0.8909999999999999,0.000787,8,0.359,-8.221,1,The Night Starts Here,0.0,2011,0.151,113.001,spotify:track:64MnPvF4mS9axQANgw9ooe,0.523,indie
157,0.0246,"['metalcore', 'nintendocore', 'post-screamo', 'rap metal', 'screamo']",['Stars'],0.454,255.665,0.606,0.0293,10,0.212,-7.255,1,Take Me To The Riot,0.0,2011,0.0492,130.501,spotify:track:06HgdDSxzGgcZM2CoyVofb,0.434,indie
158,0.49,"['metalcore', 'nintendocore', 'post-screamo', 'rap metal', 'screamo']",['Stars'],0.53,315.84,0.562,0.669,3,0.363,-7.232,1,What The Snowman Learned About Love,0.0,2003,0.0268,120.014,spotify:track:6lgJq28etiSt4FkLx5W3PS,0.151,indie
159,0.383,"['metalcore', 'nintendocore', 'post-screamo', 'rap metal', 'screamo']",['Stars'],0.597,257.937,0.635,0.00908,1,0.11,-6.872999999999998,1,My Favourite Book (Flack),0.0,2011,0.0269,87.28299999999999,spotify:track:3YbHiWZ3GLCr83OSwsOdbz,0.476,indie
160,0.8290000000000001,"['alternative rock', 'anti-folk', 'chamber pop', 'folk-pop', 'freak folk', 'indie folk', 'indie pop', 'indie rock', 'lo-fi', 'melancholia', 'modern rock', 'neo-psychedelic', 'pop rock', 'scottish rock', 'singer-songwriter', 'twee pop']",['Belle & Sebastian'],0.619,183.493,0.309,0.0,3,0.102,-15.098,0,"Piazza, New York Catcher",0.54,2003,0.0367,105.566,spotify:track:2FeUZsmNGWc3No6v9GCdST,0.82,indie
161,0.181,"['alternative rock', 'anti-folk', 'chamber pop', 'folk-pop', 'freak folk', 'indie folk', 'indie pop', 'indie rock', 'lo-fi', 'melancholia', 'modern rock', 'neo-psychedelic', 'pop rock', 'scottish rock', 'singer-songwriter', 'twee pop']",['Belle & Sebastian'],0.552,326.173,0.6459999999999999,1.79e-06,6,0.111,-7.483,1,I'm a Cuckoo,0.45,2003,0.0301,147.486,spotify:track:2B1tOgoXOPQHj9p82LPQO2,0.747,indie
162,0.287,"['alternative rock', 'anti-folk', 'chamber pop', 'folk-pop', 'freak folk', 'indie folk', 'indie pop', 'indie rock', 'lo-fi', 'melancholia', 'modern rock', 'neo-psychedelic', 'pop rock', 'scottish rock', 'singer-songwriter', 'twee pop']",['Belle & Sebastian'],0.568,305.4,0.6829999999999999,3.53e-06,7,0.108,-8.124,1,If She Wants Me,0.42,2003,0.0333,89.62,spotify:track:0LlTAvtOIP7VetkgBTt7Pn,0.8109999999999999,indie
163,0.364,"['alternative rock', 'anti-folk', 'chamber pop', 'folk-pop', 'freak folk', 'indie folk', 'indie pop', 'indie rock', 'lo-fi', 'melancholia', 'modern rock', 'neo-psychedelic', 'pop rock', 'scottish rock', 'singer-songwriter', 'twee pop']",['Belle & Sebastian'],0.51,252.333,0.557,0.0,2,0.417,-8.613,1,"Step Into My Office, Baby",0.39,2003,0.0443,135.701,spotify:track:2wq3IABSPtBFush3qsfZoK,0.508,indie
164,0.146,"['alternative rock', 'anti-folk', 'chamber pop', 'folk-pop', 'freak folk', 'indie folk', 'indie pop', 'indie rock', 'lo-fi', 'melancholia', 'modern rock', 'neo-psychedelic', 'pop rock', 'scottish rock', 'singer-songwriter', 'twee pop']",['Belle & Sebastian'],0.606,142.667,0.6990000000000001,6.9e-05,0,0.35,-6.8870000000000005,1,Dear Catastrophe Waitress,0.32,2003,0.0381,80.92399999999998,spotify:track:27ellXVR1OJhY0sz1tUJOV,0.659,indie
165,0.17800000000000002,"['alternative rock', 'anti-folk', 'chamber pop', 'folk-pop', 'freak folk', 'indie folk', 'indie pop', 'indie rock', 'lo-fi', 'melancholia', 'modern rock', 'neo-psychedelic', 'pop rock', 'scottish rock', 'singer-songwriter', 'twee pop']",['Belle & Sebastian'],0.47,273.533,0.768,0.00136,3,0.111,-3.874,1,Women's Realm,0.0,2007,0.0443,152.041,spotify:track:5vEiRaKdUFc4nkwZhihNWz,0.779,indie
166,0.151,['shimmer pop'],['GIVERS'],0.314,302.267,0.918,0.0,0,0.188,-4.1560000000000015,1,Meantime,0.0,2011,0.212,115.817,spotify:track:1ybTAodNJCo3FIx4gm6dYR,0.461,indie pop
167,7.190000000000001e-05,"['alternative dance', 'chillwave', 'indie pop', 'indie r&b', 'indie rock', 'indietronica', 'metropopolis', 'modern rock', 'new rave', 'shimmer pop', 'synthpop']",['Phantogram'],0.5579999999999999,258.187,0.642,0.00746,5,0.201,-5.206,0,Don't Move,0.01,2011,0.0321,99.977,spotify:track:0Y8idp050aiAHlvdjXrKHx,0.482,trip-hop
168,6.92e-05,"['alternative dance', 'chillwave', 'indie pop', 'indie r&b', 'indie rock', 'indietronica', 'metropopolis', 'modern rock', 'new rave', 'shimmer pop', 'synthpop']",['Phantogram'],0.51,236.68,0.779,0.091,6,0.399,-5.61,0,16 Years,0.0,2011,0.0381,120.311,spotify:track:0rKJzTAe0k1SLz5ksDbb72,0.189,trip-hop
169,0.0758,[],"['JR JR', 'Dale Earnhardt Jr Jr']",0.5720000000000001,245.533,0.616,0.103,11,0.431,-7.798999999999999,1,Nothing But Our Love,0.39,2011,0.039,130.003,spotify:track:1KQ1zcWbnHN9jIECk2wJQ4,0.261,indie
170,0.138,"['chillwave', 'indie poptimism', 'indie psych-rock', 'indietronica', 'shimmer pop', 'synthpop']",['Mr Little Jeans'],0.528,258.347,0.649,0.156,0,0.241,-7.564,1,Rescue Song - RAC Remix,0.25,2011,0.049,157.102,spotify:track:4U4FPOKbgrQLKacn9qLcpw,0.35100000000000003,electropop
171,0.475,"['alternative dance', 'art pop', 'chamber pop', 'folk-pop', 'indie pop', 'indie r&b', 'indietronica', 'new rave', 'pop', 'swedish pop', 'synthpop']",['Lykke Li'],0.599,228.467,0.5329999999999999,0.00153,9,0.235,-14.032,0,I Follow Rivers,0.64,2011,0.0472,122.262,spotify:track:336ZYcU6poBWi3s8yzRcAD,0.607,indie pop
172,0.0848,[],"['Dan Black', 'Kid Cudi']",0.584,226.587,0.723,2.8000000000000006e-05,0,0.093,-6.496,1,Symphonies,0.44,2010,0.0617,173.97099999999998,spotify:track:658MpWKxDiBr29XMvxRV2s,0.609,electronic
173,0.0043,"['chillwave', 'preverb']",['Seapony'],0.5579999999999999,203.88,0.8170000000000001,0.866,9,0.0683,-7.516,1,Outside,0.17,2012,0.0317,126.992,spotify:track:4yWWteivkIcywRkYzL4ni0,0.67,indie pop
174,0.0361,"['chillwave', 'preverb']",['Seapony'],0.5589999999999999,210.213,0.677,0.695,10,0.0833,-7.747999999999998,1,Tell Me So,0.13,2012,0.0308,136.44899999999998,spotify:track:4nid9pSnCmXkeMFJYrfOg1,0.962,indie pop
175,0.18,"['chillwave', 'preverb']",['Seapony'],0.653,147.973,0.722,0.895,6,0.33,-8.924,0,Follow,0.13,2012,0.0306,136.451,spotify:track:6xhivgebWhZavrF0JDoH8R,0.969,indie pop
176,0.443,"['chillwave', 'preverb']",['Seapony'],0.5529999999999999,166.853,0.852,0.772,0,0.138,-3.987,1,Go Away,0.19,2011,0.0347,146.376,spotify:track:4XrojZ6tS01WmoxnWMDR1p,0.935,indie pop
177,0.00175,"['chillwave', 'preverb']",['Seapony'],0.491,152.667,0.726,0.122,6,0.108,-7.612999999999999,1,What You Wanted,0.14,2012,0.0305,148.637,spotify:track:1yX50a9ZzlwpxpjoetStti,0.8340000000000001,indie pop
178,0.00102,"['garage rock', 'indie rock', 'modern rock']",['Julian Casablancas'],0.603,243.707,0.911,0.00985,6,0.0911,-3.883,0,11th Dimension,0.38,2009,0.0431,125.487,spotify:track:10thiO3wUYUguz1VvkIiVN,0.373,indie
179,0.000284,"['garage rock', 'indie rock', 'modern rock']",['Julian Casablancas'],0.452,281.2,0.8859999999999999,0.938,8,0.0563,-2.712,1,Out of the Blue,0.45,2009,0.0405,111.634,spotify:track:5tySfs2d6KXneF5GbfHWE9,0.569,indie
180,0.573,"['neo mellow', 'pop', 'pop rock', 'singer-songwriter']",['John Mayer'],0.6679999999999999,242.0,0.361,0.00506,1,0.0805,-8.69,0,Slow Dancing in a Burning Room,0.77,2006,0.0273,134.15,spotify:track:2jdAk8ATWIL3dwT47XpRfu,0.28800000000000003,singer-songwriter
181,0.00425,"['alternative rock', 'garage rock', 'indie pop', 'indie rock', 'modern rock', 'permanent wave', 'rock']",['The Strokes'],0.5379999999999999,183.44,0.52,0.0,9,0.3670000000000001,-7.46,1,Someday,0.0,2001,0.0299,106.031,spotify:track:13hsNLxj4Q6E8b5Yg1IquK,0.6779999999999999,indie rock
182,0.0073700000000000015,"['alternative dance', 'canadian indie', 'canadian pop', 'canadian rock', 'dance-punk', 'folk-pop', 'indie pop', 'indie rock', 'indietronica', 'metropopolis', 'modern rock', 'new rave', 'shimmer pop', 'synthpop']",['Metric'],0.5660000000000001,285.954,0.873,0.00217,5,0.343,-4.601,0,Help I'm Alive,0.02,2009,0.0632,118.488,spotify:track:3GcH8qkC35CQc4xt6Dhz1r,0.383,indie
183,0.238,"['acid jazz', 'downtempo', 'electronic', 'nu jazz', 'trip hop']",['Thievery Corporation'],0.8079999999999999,286.906,0.8370000000000001,0.86,9,0.0624,-6.582999999999998,0,Lebanese Blonde,0.54,2000,0.046,92.002,spotify:track:66KcXPDs1hr8T06KvlJCeA,0.653,chillout
184,0.522,"['acid jazz', 'downtempo', 'electronic', 'nu jazz', 'trip hop']",['Thievery Corporation'],0.55,231.56,0.58,0.929,5,0.111,-6.71,0,Take My Soul,0.45,2011,0.0289,84.853,spotify:track:5QaXLFb3P053gtSt41g8YN,0.482,chillout
185,0.369,"['latin', 'latin hip hop', 'reggaeton', 'tropical']",['ivy'],0.614,265.627,0.657,0.154,1,0.113,-7.559,1,Edge of the Ocean,0.3,2001,0.0245,95.527,spotify:track:6KEXITGt307YIdJlqqbT9Y,0.6990000000000001,indie
186,0.0612,"['latin', 'latin hip hop', 'reggaeton', 'tropical']",['ivy'],0.731,261.36,0.882,0.0251,6,0.145,-5.999,1,Fascinated,0.28,2011,0.0351,110.004,spotify:track:2IvsisJrQNymMHnp9oCqFK,0.652,indie
187,0.349,"['folk-pop', 'indie pop', 'la indie', 'synthpop']",['the bird and the bee'],0.879,171.54,0.604,0.0426,1,0.0812,-9.772,1,I'm Into Something Good,0.41,2010,0.06,123.133,spotify:track:6qrHnS0f1raPfbWUyZIz1b,0.8590000000000001,indie
188,0.157,"['folk-pop', 'indie pop', 'la indie', 'synthpop']",['the bird and the bee'],0.69,225.707,0.523,0.00149,0,0.131,-8.203,1,My Love,0.48,2008,0.08,142.034,spotify:track:1Y0iQblBDaw2qMutZqGoUH,0.625,indie
189,0.828,['canadian folk'],['City and Colour'],0.31,362.107,0.541,4.45e-05,10,0.136,-7.591,1,The Girl,0.09,2008,0.0432,77.001,spotify:track:2KHFNeIuubGY26Rkx0vYL0,0.175,acoustic
190,0.5489999999999999,"['alternative dance', 'brooklyn indie', 'garage rock', 'indie pop', 'indie rock', 'indietronica', 'modern rock', 'neo-psychedelic', 'new rave']",['MGMT'],0.166,220.173,0.525,0.02,0,0.161,-5.9129999999999985,1,I Found a Whistle,0.43,2010,0.0329,175.952,spotify:track:3hWoBXsJfXFQDp92v14xFI,0.1,electronic
191,0.0059,"['bay area indie', 'chamber pop', 'chillwave', 'indie pop', 'indie poptimism', 'indie psych-rock', 'indietronica', 'shimmer pop', 'vapor soul']",['Geographer'],0.4270000000000001,263.347,0.7,0.0225,2,0.0873,-7.338999999999999,0,Kites,0.45,2010,0.0304,85.999,spotify:track:5y0nFFgYV7ugOq4ZXrExoB,0.151,indie pop
192,0.16,"['bay area indie', 'chamber pop', 'chillwave', 'indie pop', 'indie poptimism', 'indie psych-rock', 'indietronica', 'shimmer pop', 'vapor soul']",['Geographer'],0.488,285.253,0.495,0.00707,2,0.118,-7.365,0,Original Sin,0.33,2010,0.0305,117.876,spotify:track:4SNLj3L86Vort1Widogsyh,0.166,indie pop
193,0.779,"['acoustic pop', 'folk-pop']","['Jaymay', 'Jared Engel']",0.746,205.32,0.268,0.0,11,0.0846,-13.859000000000002,1,Gray Or Blue,0.42,2007,0.0525,106.114,spotify:track:68fnTTUO5tRZ4EQ1ozwYk7,0.626,folk
194,0.175,"['folk-pop', 'indie folk', 'indie pop', 'indie rock', 'indietronica', 'modern rock', 'synthpop']",['The Postal Service'],0.7040000000000001,226.613,0.674,0.0518,2,0.0978,-7.3889999999999985,1,Nothing Better,0.51,2003,0.0308,134.981,spotify:track:6ZHc4hKjDdUdzk2DgFyvMQ,0.698,indie
195,0.00419,"['alternative rock', 'garage rock', 'indie pop', 'indie rock', 'modern rock', 'permanent wave', 'rock']",['The Strokes'],0.35700000000000004,235.547,0.775,0.285,11,0.0676,-3.364,1,Under Cover of Darkness,0.69,2011,0.054000000000000006,199.853,spotify:track:6u0x5ad9ewHvs3z6u9Oe3c,0.589,indie rock
196,0.285,"['chamber pop', 'indie folk', 'indie pop', 'indie rock', 'modern rock', 'shimmer pop', 'stomp and holler']",['Freelance Whales'],0.504,317.893,0.7140000000000001,4.09e-05,0,0.239,-7.0920000000000005,1,Locked Out,0.15,2012,0.0362,149.945,spotify:track:6OxGwtevGYqM6UPyhgloJh,0.247,indie
197,2.78e-05,"['alternative dance', 'alternative rock', 'brooklyn indie', 'chamber pop', 'dance-punk', 'folk-pop', 'freak folk', 'indie folk', 'indie pop', 'indie rock', 'indietronica', 'lo-fi', 'modern rock', 'neo-psychedelic', 'new rave', 'noise pop', 'stomp and holler']",['Clap Your Hands Say Yeah'],0.317,184.857,0.973,0.0069,0,0.255,-4.588,1,Same Mistake,0.0,2011,0.108,150.056,spotify:track:1LG7HPZHn7MvllOE3LmXGN,0.116,indie
198,0.0398,"['chillwave', 'dream pop', 'indie garage rock', 'indie pop', 'indie psych-rock', 'indietronica', 'neo-psychedelic', 'noise pop', 'nu gaze', 'preverb', 'shimmer pop', 'synthpop']",['Craft Spells'],0.652,246.295,0.875,0.000627,9,0.307,-3.627,1,After The Moment,0.0,2011,0.0288,111.993,spotify:track:5GOD1xKvErETtFrLeWUMQ6,0.65,dream pop
199,0.00421,"['bay area indie', 'chamber pop', 'chillwave', 'indie pop', 'indie poptimism', 'indie psych-rock', 'indietronica', 'shimmer pop', 'vapor soul']",['Geographer'],0.619,233.917,0.672,0.000265,0,0.118,-7.484,0,Lover's Game,0.3,2012,0.0339,120.041,spotify:track:2I6WMooRDmfS0BZ2aqzIBX,0.482,indie pop
200,0.5529999999999999,"['chamber pop', 'folk-pop', 'indie folk', 'indie pop', 'indie rock', 'la indie', 'modern rock', 'shimmer pop', 'stomp and holler']",['Sea Wolf'],0.5660000000000001,233.0,0.652,8.52e-05,2,0.0756,-7.978,1,Priscilla,0.0,2012,0.0304,149.91899999999995,spotify:track:6CgUuwGSWHQ1BvK74Y3NnK,0.8170000000000001,indie
201,0.5529999999999999,"['chamber pop', 'folk-pop', 'indie folk', 'indie pop', 'indie rock', 'la indie', 'modern rock', 'shimmer pop', 'stomp and holler']",['Sea Wolf'],0.5660000000000001,233.0,0.652,8.52e-05,2,0.0756,-7.978,1,Priscilla,0.0,2012,0.0304,149.91899999999995,spotify:track:6CgUuwGSWHQ1BvK74Y3NnK,0.8170000000000001,indie
202,0.0617,"['bay area indie', 'chamber pop', 'chillwave', 'indie pop', 'indie poptimism', 'indie psych-rock', 'indietronica', 'shimmer pop', 'vapor soul']",['Geographer'],0.61,363.813,0.444,0.0012,7,0.0664,-7.417000000000002,1,Night Winds,0.29,2010,0.0298,144.96,spotify:track:66e7xUzB15Jkrwmkeq38t1,0.499,indie pop
203,0.116,"['indie pop', 'la indie', 'metropopolis', 'shimmer pop']",['Faded Paper Figures'],0.7,274.36,0.862,0.526,8,0.0976,-7.592,1,North by North,0.39,2008,0.0301,97.507,spotify:track:6kAZRPHGQHryRZbs6Zyh6B,0.715,indie
204,0.248,"['chamber pop', 'folk-pop', 'indie folk', 'indie pop', 'indie rock', 'la indie', 'modern rock', 'shimmer pop', 'stomp and holler']",['Sea Wolf'],0.6579999999999999,237.16,0.647,0.00019,7,0.0837,-8.157,1,Old Friend,0.03,2012,0.029,147.41899999999995,spotify:track:2SnynjpKEEKBqNCLCsepjR,0.823,indie
205,0.684,"['chamber pop', 'folk-pop', 'indie folk', 'indie pop', 'indie rock', 'la indie', 'modern rock', 'shimmer pop', 'stomp and holler']",['Sea Wolf'],0.6809999999999999,215.373,0.6579999999999999,0.189,2,0.15,-7.5539999999999985,1,You're a Wolf,0.0,2007,0.0267,120.998,spotify:track:69oYxzUvjvf6aCt05ylNWs,0.5479999999999999,indie
206,0.339,"['chamber pop', 'folk-pop', 'indie folk', 'indie pop', 'indie rock', 'la indie', 'modern rock', 'shimmer pop', 'stomp and holler']",['Sea Wolf'],0.6729999999999999,221.0,0.654,8.859999999999999e-05,10,0.125,-8.929,0,Dear Fellow Traveler,0.0,2012,0.0306,92.005,spotify:track:0xIQt8vW6b3tNbsNaUncqD,0.522,indie
207,0.35,"['alternative dance', 'art pop', 'brooklyn indie', 'chillwave', 'dream pop', 'indie pop', 'indie psych-rock', 'indie rock', 'indietronica', 'modern rock', 'neo-psychedelic', 'new rave', 'nu gaze', 'shimmer pop', 'synthpop']","['Cults', 'Menahan Street Band']",0.5489999999999999,186.227,0.638,0.215,8,0.0732,-6.382999999999999,1,Go Outside - Menahan Street Band Remix,0.3,2011,0.0369,162.77100000000004,spotify:track:3M3UGPWzuCkQJIcQweoAvE,0.6459999999999999,indie pop
208,0.00604,"['permanent wave', 'pop', 'rock']",['Coldplay'],0.223,235.053,0.8390000000000001,0.8440000000000001,7,0.358,-7.463999999999999,1,Lost!,0.4,2008,0.0587,174.00099999999995,spotify:track:55Qm6iVvo1OMeoXc8elnmj,0.377,rock
209,0.0308,"['bass music', 'future garage', 'indie r&b', 'indietronica', 'new rave', 'uk garage']","['SBTRKT', 'Little Dragon']",0.835,201.0,0.481,0.0005009999999999999,0,0.0896,-7.188,0,Wildfire,0.63,2011,0.387,139.58100000000002,spotify:track:2WMRd3xAb9FwXopCRNWDq1,0.34,electronic
210,0.0187,"['modern rock', 'vegas indie']",['Imagine Dragons'],0.659,238.467,0.8909999999999999,0.0,2,0.102,-4.6530000000000005,1,It's Time,0.05,2012,0.0362,104.997,spotify:track:40xtweuHBkLXNMO3xCK5AZ,0.8640000000000001,indie
211,0.8109999999999999,"['album rock', 'classic rock', 'glam rock', 'mellow gold', 'piano rock', 'rock', 'soft rock']",['Elton John'],0.5539999999999999,243.107,0.3,1.74e-06,3,0.101,-12.292,1,Your Song,0.13,2010,0.0319,128.067,spotify:track:55uHgEQV1BVtTbI72uEpOq,0.264,pop
212,0.126,[],['April Smith and the Great Picture Show'],0.736,135.16,0.865,7.68e-06,0,0.0553,-5.18,1,Movie Loves A Screen,0.31,2010,0.151,100.036,spotify:track:28j7acWULB3AqjHvb3YeAA,0.8909999999999999,indie pop
213,0.0105,"['anti-folk', 'chamber pop', 'dream pop', 'folk-pop', 'indie pop', 'twee pop']",['Camera Obscura'],0.434,198.893,0.853,0.0,2,0.214,-4.05,1,French Navy,0.52,2009,0.0432,136.997,spotify:track:0xVU3b2ZWl8cq8QuZ6oYPl,0.6679999999999999,indie pop
214,0.289,"['anti-folk', 'chamber pop', 'folk-pop', 'indie folk', 'indie pop', 'indie rock', 'la indie', 'lilith', 'lo-fi', 'modern rock', 'pop rock', 'singer-songwriter', 'stomp and holler']",['Rilo Kiley'],0.7090000000000001,216.973,0.53,4.54e-05,7,0.0929,-4.985,1,Silver Lining,0.55,2007,0.0288,117.11,spotify:track:0ieqq1wbtso2UjJWPqJ5Xc,0.6920000000000001,indie
215,0.212,[],['Lia Ices'],0.536,323.293,0.364,0.0099,1,0.21600000000000005,-9.277,1,Love is Won,0.01,2011,0.0567,116.962,spotify:track:4nTuy6ZsO0hTIqAYdLTHX9,0.175,folk
216,0.578,[],['Lia Ices'],0.366,321.32,0.295,0.000387,3,0.195,-8.495,1,Daphne,0.0,2011,0.0293,125.912,spotify:track:6G034JMv1dTgYDWOAOMiya,0.116,folk
217,0.921,[],['Lia Ices'],0.327,189.08,0.17600000000000002,0.0,1,0.17,-13.151,1,Little Marriage,0.0,2011,0.0322,95.007,spotify:track:0vumTJhNUppn9lgdZufDOl,0.0644,folk
218,0.00123,['folk-pop'],['Lissie'],0.385,302.973,0.7040000000000001,4.760000000000001e-05,11,0.955,-7.53,0,Pursuit of Happiness,0.01,2011,0.0461,121.179,spotify:track:1Draceu0Ut29F656wpuLkw,0.278,folk
219,0.0047,"['garage rock', 'indie rock', 'modern rock']",['Julian Casablancas'],0.371,302.947,0.868,0.17800000000000002,6,0.139,-2.772,0,Tourist,0.27,2009,0.0355,148.756,spotify:track:17XcDzWQ68mFZ4hzBeR1NY,0.64,indie
220,0.00595,"['alternative rock', 'garage rock', 'indie pop', 'indie rock', 'modern rock', 'permanent wave', 'rock']",['The Strokes'],0.57,203.24,0.89,0.0112,5,0.226,-4.447,1,Taken for a Fool,0.58,2011,0.0559,137.04,spotify:track:6SdAztAqklk1zAmUHhU4N7,0.885,indie rock
221,0.0305,"['alternative dance', 'art pop', 'brooklyn indie', 'dance-punk', 'escape room', 'indie pop', 'indie rock', 'indietronica', 'modern rock', 'new rave', 'noise pop', 'shimmer pop', 'synthpop']",['Sleigh Bells'],0.626,151.773,0.733,3.2500000000000004e-05,6,0.104,-5.6560000000000015,1,Infinity Guitars,0.36,2010,0.124,157.857,spotify:track:3m8i9k7CT6Fq8eAUGlfN7p,0.28300000000000003,electronic
222,0.0161,"['chillwave', 'folk-pop', 'indie pop', 'indie rock', 'indietronica', 'la indie', 'metropopolis', 'modern rock', 'noise pop', 'nu gaze', 'synthpop']",['Best Coast'],0.365,103.413,0.861,0.0188,9,0.08800000000000001,-3.896,1,Bratty B,0.0,2010,0.0459,140.253,spotify:track:3M07YV1KfcWJaWsfD3CnpC,0.846,Lo-Fi
223,0.209,"['brooklyn indie', 'folk-pop', 'garage rock', 'indie folk', 'indie pop', 'indie rock', 'indietronica', 'modern rock', 'neo-psychedelic']",['Vampire Weekend'],0.503,361.373,0.815,0.0513,6,0.0838,-6.9670000000000005,1,Diplomat’s Son,0.52,2010,0.338,193.93,spotify:track:0ybF6SJTJw1RCpsF0QagFw,0.8420000000000001,indie
224,0.246,"['alternative dance', 'indie pop', 'indie rock', 'indietronica', 'irish rock', 'modern rock', 'new rave']",['Two Door Cinema Club'],0.73,286.12,0.732,0.0,7,0.0872,-6.497999999999998,1,Next Year (RAC Remix),0.0,2013,0.0463,123.048,spotify:track:2rVtQWkT6bNWxPnxR0mAy4,0.388,indie
225,0.00992,"['alternative dance', 'indie pop', 'indie rock', 'indietronica', 'irish rock', 'modern rock', 'new rave']",['Two Door Cinema Club'],0.648,187.72,0.531,0.000273,4,0.11,-5.466,0,Sun,0.0,2012,0.0296,96.982,spotify:track:59LR6dNMHaOMugPoqcSTF2,0.575,indie
226,0.032,"['brooklyn indie', 'folk-pop', 'garage rock', 'indie folk', 'indie pop', 'indie rock', 'indietronica', 'modern rock', 'neo-psychedelic']",['Vampire Weekend'],0.419,160.067,0.8029999999999999,3.7e-05,11,0.206,-5.497999999999998,1,Diane Young,0.36,2013,0.246,86.958,spotify:track:27zVV7Q7LbqsjWm40HOXuq,0.764,indie
227,0.192,"['indie pop', 'indie poptimism', 'la indie', 'modern rock', 'pop quebecois']",['Fitz and The Tantrums'],0.647,248.427,0.888,0.00784,5,0.368,-6.502999999999999,0,Don't Gotta Work It Out,0.01,2011,0.0433,86.76299999999998,spotify:track:7C8i0BK9rYMMhxEgWS4IbI,0.927,soul
228,0.124,"['indie pop', 'indie poptimism', 'la indie', 'modern rock', 'pop quebecois']",['Fitz and The Tantrums'],0.614,247.8,0.8290000000000001,0.0030800000000000003,10,0.13699999999999998,-6.349,1,Winds of Change,0.0,2011,0.0596,140.899,spotify:track:5tKyh0Py3vvRcVRJFFN1JQ,0.904,soul
229,0.2,"['indie pop', 'indie poptimism', 'la indie', 'modern rock', 'pop quebecois']",['Fitz and The Tantrums'],0.6829999999999999,192.8,0.805,6.39e-05,2,0.487,-4.457,1,Rich Girls,0.0,2011,0.0337,135.515,spotify:track:1Zq9wg3JcDllFXeKmVcuER,0.902,soul
230,0.421,"['dance pop', 'pop']",['Lana Del Rey'],0.687,218.213,0.8290000000000001,0.00394,3,0.0982,-3.821,1,Blue Jeans - RAC Mix,0.47,2012,0.0623,117.975,spotify:track:7JVNRVPeXFAOdMrxOHNjVv,0.433,female vocalists
231,0.871,['french pop'],['Cœur De Pirate'],0.254,225.267,0.381,0.0,4,0.368,-7.0,0,La petite mort,0.4,2011,0.0332,182.755,spotify:track:3xh6dm0JyWJh5dmDMYkUf8,0.316,french
232,0.0224,"['chamber pop', 'chamber psych', 'freak folk', 'singer-songwriter']",['John Grant'],0.968,258.113,0.393,0.00034700000000000003,0,0.349,-9.879,1,Black Belt,0.12,2013,0.0855,120.002,spotify:track:7jT0CexUx8gRhVGgFqdcDr,0.63,seen live
233,3.65e-05,"['alternative dance', 'indie pop', 'indie rock', 'indietronica', 'irish rock', 'modern rock', 'new rave']",['Two Door Cinema Club'],0.535,223.147,0.8759999999999999,0.000256,2,0.118,-4.442,1,Changing of the Seasons,0.0,2013,0.154,129.966,spotify:track:4exmhEeh2lIUkOkpAmH6ou,0.5770000000000001,indie
234,0.000373,"['alternative dance', 'chillwave', 'indie folk', 'indie pop', 'indie rock', 'indietronica', 'modern rock', 'neo-psychedelic', 'new rave', 'synthpop']",['Future Islands'],0.472,246.427,0.855,0.93,0,0.887,-6.937,1,Balance,0.04,2011,0.069,154.908,spotify:track:189gb58kHUdS5MdLBcz18f,0.16699999999999998,seen live
235,0.134,"['chamber pop', 'irish rock', 'melancholia']",['Bell X1'],0.7929999999999999,256.84,0.562,0.00144,7,0.0619,-4.256,1,Safer than Love,0.0,2011,0.0298,112.943,spotify:track:6PQH5FEblSPbndQ4GyiC6i,0.8440000000000001,irish
236,0.096,"['indie rock', 'modern rock']",['alt-J'],0.616,227.08,0.6559999999999999,0.0008789999999999999,5,0.205,-7.297999999999999,1,Breezeblocks,0.72,2012,0.0344,150.071,spotify:track:3n69hLUdIsSa1WlRmjMZlW,0.28600000000000003,indie
237,0.096,"['indie rock', 'modern rock']",['alt-J'],0.616,227.08,0.6559999999999999,0.0008789999999999999,5,0.205,-7.297999999999999,1,Breezeblocks,0.72,2012,0.0344,150.071,spotify:track:3n69hLUdIsSa1WlRmjMZlW,0.28600000000000003,indie
238,0.649,"['metropopolis', 'shimmer pop']",['Alex Winston'],0.569,226.52,0.545,1.64e-05,11,0.585,-7.872000000000001,0,101 Vultures,0.35,2013,0.0391,110.032,spotify:track:3QatFdV6WULnL12Aj4Q1cW,0.294,indie pop
239,0.451,"['folk-pop', 'indie folk', 'indie pop', 'modern rock', 'neo mellow', 'new americana', 'seattle indie', 'stomp and holler']",['The Head and the Heart'],0.375,259.12,0.546,0.000312,2,0.278,-8.16,1,Lost in My Mind,0.68,2010,0.0294,95.361,spotify:track:3gvAGvbMCRvVDDp8ZaIPV5,0.37,folk
240,0.00628,"['dream pop', 'la indie', 'noise pop', 'nu gaze']",['Dum Dum Girls'],0.16699999999999998,390.0,0.604,0.00931,2,0.259,-4.549,1,Coming Down,0.05,2011,0.0385,136.102,spotify:track:16bwzB6w9ev11KOZ1RNNKJ,0.228,Lo-Fi
241,0.0349,"['dream pop', 'la indie', 'noise pop', 'nu gaze']",['Dum Dum Girls'],0.465,258.12,0.89,0.0,3,0.322,-5.235,1,Lord Knows,0.31,2012,0.0495,145.815,spotify:track:333O7OmJulajXJJfG1ohXS,0.43,Lo-Fi
242,0.0127,"['indie r&b', 'indietronica', 'metropopolis', 'pop', 'synthpop']",['HAIM'],0.547,245.293,0.635,5.01e-06,2,0.0585,-5.569,1,The Wire,0.61,2013,0.13699999999999998,113.678,spotify:track:6golelYKuy85o3u0cxIxFK,0.525,indie
243,0.489,"['chicago soul', 'christmas', 'classic rock', 'folk rock', 'funk', 'jazz blues', 'memphis soul', 'quiet storm', 'singer-songwriter', 'soul', 'soul blues', 'southern soul']",['Otis Redding'],0.493,138.227,0.264,0.00514,10,0.28,-13.049,1,Send Me Some Lovin',0.17,2012,0.0389,181.17,spotify:track:4V5HXy1GjerDka3wSc1C5Y,0.617,soul
244,0.162,"['dance pop', 'edm', 'pop', 'tropical house', 'uk funky']","['Clean Bandit', 'Jess Glynne']",0.799,227.833,0.586,2.03e-06,11,0.193,-6.735,1,Rather Be (feat. Jess Glynne),0.75,2014,0.0377,120.97,spotify:track:3s4U7OHV7gnj42VV72eSZ6,0.5489999999999999,electronic
245,0.11,"['pop', 'tropical house']","['Naughty Boy', 'Sam Smith']",0.772,222.2,0.644,0.0,6,0.0905,-5.204,0,La La La,0.54,2013,0.0312,125.088,spotify:track:1Io2c7n2X482pub65MOZPG,0.256,rnb
246,0.0642,"['art pop', 'candy pop', 'dance pop', 'escape room', 'indie r&b', 'indietronica', 'la indie', 'metropopolis', 'new rave', 'pop', 'synthpop']",['Sky Ferreira'],0.669,250.12,0.784,0.0,0,0.041,-5.959,1,Everything Is Embarrassing,0.51,2013,0.0357,117.135,spotify:track:7j3nbSiaWphYU2cFgyQXd9,0.574,pop
247,0.0568,"['dance pop', 'escape room', 'hip pop', 'indie r&b', 'neo soul', 'pop', 'r&b', 'urban contemporary']",['Solange'],0.736,262.413,0.7979999999999999,0.113,0,0.162,-6.202000000000001,1,Losing You,0.07,2012,0.13,114.006,spotify:track:4AJprrE8gjzLRLfW84bbUq,0.443,rnb
248,0.265,[],['RIVRS'],0.59,207.147,0.578,1e-05,1,0.14400000000000002,-7.546,1,Last Love,0.0,2015,0.0389,146.0,spotify:track:0pkjIVFVcfoUXrQL2aV0ue,0.0644,pop
249,0.13,['indie r&b'],['Marian Hill'],0.8029999999999999,192.56,0.49,0.175,4,0.0379,-7.018,0,Got It,0.0,2015,0.0564,81.99600000000002,spotify:track:30nXDuNHK00ILmk11TMM8k,0.639,electronic
250,0.7979999999999999,['reggae rock'],['The Beautiful Girls'],0.84,237.84,0.34,0.0117,8,0.109,-9.67,1,La Mar (The Ocean),0.01,2004,0.0483,92.197,spotify:track:05CwKXfxViGloskFJbdPe0,0.364,australian
251,0.687,['reggae rock'],['The Beautiful Girls'],0.855,185.627,0.194,0.000341,5,0.156,-15.249,1,Let's Take The Long Way Home,0.0,2005,0.0518,116.992,spotify:track:7KGFAgXlMnkQcbm91vcE7t,0.8,australian
252,0.921,['reggae rock'],['The Beautiful Girls'],0.7070000000000001,220.16,0.255,0.0073799999999999985,11,0.314,-10.925,1,Freedom (Part 2) - Feat. Mason Jennings,0.0,2004,0.0373,77.03399999999998,spotify:track:0MBckdn1cQ50fbJ5HASyyy,0.308,australian
253,0.306,"['dance pop', 'pop', 'pop rap', 'r&b', 'rap']","['Chris Brown', 'Drake', 'Kanye West', 'André 3000']",0.72,339.013,0.65,0.0,5,0.0836,-5.1560000000000015,0,"Deuces Remix - f/Drake, Kanye West & André 3000 - Explicit Version",0.5,2010,0.245,147.955,spotify:track:1yo95w2YXMl1GeQGarlqCW,0.253,rnb
254,0.00151,"['pop', 'pop rap', 'rap']",['Kanye West'],0.446,327.827,0.807,0.000231,10,0.16399999999999998,-5.449,0,Hell Of A Life - Album Version (Edited),0.24,2010,0.161,177.912,spotify:track:5gOfAAoDKhErKo94iMBBde,0.442,Hip-Hop
255,0.21600000000000005,"['pop', 'pop rap', 'rap']","['Kanye West', 'Pusha T']",0.373,547.667,0.578,0.00297,1,0.513,-3.813,0,Runaway - Album Version (Edited),0.32,2010,0.141,81.794,spotify:track:40GwxjniW9i4DR2BwMFK0x,0.0985,Hip-Hop
256,0.317,"['pop', 'pop rap', 'rap']",['Kanye West'],0.578,280.76,0.5529999999999999,0.0,5,0.244,-5.806,1,Dark Fantasy - Album Version (Edited),0.3,2010,0.0539,88.13,spotify:track:5X1YAG6achNpwegOnpSpW4,0.44,Hip-Hop
257,0.0201,"['pop', 'pop rap', 'rap']","['Kanye West', 'Kid Cudi', 'Raekwon']",0.606,357.653,0.733,0.000138,6,0.221,-3.516,0,Gorgeous - Album Version (Edited),0.28,2010,0.0366,91.922,spotify:track:6AIZHjujMcYXIZB83K9PvP,0.107,Hip-Hop
258,0.912,"['pop', 'pop rap', 'rap']",['Kanye West'],0.236,62.267,0.115,0.926,10,0.142,-16.457,0,All Of The Lights (Interlude) - Album Version (Edited),0.26,2010,0.0349,86.40100000000002,spotify:track:3htSLs0ybihAinToA4qeg7,0.485,Hip-Hop
259,0.0907,"['pop', 'pop rap', 'rap']",['Kanye West'],0.516,299.6,0.794,2.93e-05,1,0.231,-3.236,1,All Of The Lights - Album Version (Edited),0.46,2010,0.0619,141.839,spotify:track:7zbDSQelDmlaEhUDnLMViZ,0.228,Hip-Hop
260,0.0693,"['hip hop', 'pop rap', 'rap', 'southern hip hop']","['Kid Cudi', 'Kanye West']",0.682,192.253,0.642,0.0,9,0.116,-5.643,1,Erase Me - Main,0.68,2010,0.152,186.037,spotify:track:6XkuklKiHYVTlVvWlTgQYP,0.857,Hip-Hop
261,0.235,"['pop', 'pop rap', 'rap']","['Kanye West', 'Jeezy']",0.586,238.333,0.563,0.0549,8,0.0654,-8.283999999999999,1,Amazing,0.04,2008,0.0644,146.101,spotify:track:7tsgm8M8uO6W1HmBAmHFGv,0.544,Hip-Hop
262,0.00379,"['dance pop', 'pop', 'post-teen pop', 'urban contemporary']",['Britney Spears'],0.696,210.267,0.546,3.8e-06,5,0.332,-6.55,1,I Wanna Go,0.63,2011,0.0414,130.002,spotify:track:5cCAZS9VhLGEDV4NCfieeg,0.787,pop
263,0.0485,"['dance pop', 'pop', 'post-teen pop', 'urban contemporary']",['Britney Spears'],0.696,225.08,0.7340000000000001,0.0,7,0.183,-5.294,1,Criminal,0.62,2011,0.0298,107.987,spotify:track:6T689Jvh5KrSXyaPtUWZtQ,0.711,pop
264,0.0228,"['dance pop', 'pop', 'post-teen pop', 'urban contemporary']",['Britney Spears'],0.693,237.947,0.705,0.0,8,0.202,-5.747000000000001,1,Till the World Ends,0.64,2011,0.0665,131.951,spotify:track:38iU2jg98IZZEIJPrP7aWD,0.45,pop
265,0.0103,"['dance pop', 'pop', 'post-teen pop', 'urban contemporary']",['Britney Spears'],0.648,228.827,0.722,0.0,0,0.24,-4.813,0,Hold It Against Me,0.0,2011,0.0427,132.97299999999998,spotify:track:5MtbCiKeHd86jvJm5B0P4q,0.389,pop
266,0.0753,"['dance pop', 'pop', 'post-teen pop', 'urban contemporary']",['Britney Spears'],0.818,216.547,0.71,0.0239,10,0.0581,-5.716,1,How I Roll,0.44,2011,0.0472,145.97,spotify:track:38casNXY2G39SZRUjALtcY,0.7909999999999999,pop
267,0.085,"['dance pop', 'pop', 'post-teen pop', 'urban contemporary']",['Britney Spears'],0.856,222.293,0.743,0.0,4,0.0739,-4.71,0,Up N' Down,0.45,2011,0.054000000000000006,120.006,spotify:track:30pIRfkIrvI88LaXReJ6HJ,0.833,pop
268,0.17800000000000002,"['dance pop', 'pop', 'post-teen pop', 'urban contemporary']",['Britney Spears'],0.757,188.427,0.733,4.47e-06,7,0.101,-4.722,1,Gasoline,0.45,2011,0.0511,119.984,spotify:track:5AcTuYSmbmcZA8kiLE4bAR,0.552,pop
269,0.175,"['dance pop', 'pop', 'post-teen pop', 'urban contemporary']",['Britney Spears'],0.644,206.32,0.7340000000000001,0.0,2,0.0484,-5.234,0,Seal It with a Kiss,0.43,2011,0.0554,124.988,spotify:track:1gilYs9AY8a75q275GTkiY,0.56,pop
270,0.00613,"['dance pop', 'pop', 'post-teen pop', 'urban contemporary']",['Britney Spears'],0.731,199.947,0.674,0.0,0,0.369,-5.599,0,Trouble for Me,0.44,2011,0.0452,125.938,spotify:track:6fbb7VBPUjqicVq9XG7s3i,0.305,pop
271,0.0114,"['dance pop', 'pop', 'post-teen pop', 'urban contemporary']",['Britney Spears'],0.722,223.947,0.622,1.64e-06,11,0.0664,-5.426,0,Selfish,0.43,2011,0.0321,122.038,spotify:track:2w3PyJC61SAVM7KR6tyDwF,0.787,pop
272,0.147,"['dance pop', 'pop', 'post-teen pop', 'urban contemporary']",['Britney Spears'],0.7909999999999999,192.36,0.733,0.000381,6,0.0713,-5.215,0,Circus,0.7,2009,0.052000000000000005,114.98,spotify:track:7jk7gqyEonmVVYahZN5zhW,0.7609999999999999,pop
273,0.008870000000000001,"['dance pop', 'pop', 'post-teen pop', 'urban contemporary']",['Britney Spears'],0.741,239.213,0.622,0.0005009999999999999,8,0.15,-5.877999999999999,1,Kill the Lights,0.48,2009,0.0404,122.013,spotify:track:263w5yLLnexUUOMc5Py9m5,0.625,pop
274,0.0483,"['dance pop', 'pop', 'post-teen pop', 'urban contemporary']",['Britney Spears'],0.831,172.4,0.489,1.33e-05,0,0.07400000000000001,-6.475,0,Shattered Glass,0.47,2009,0.0533,120.054,spotify:track:3sJx8qerYrs92oqVAa9S0Z,0.376,pop
275,0.0192,"['dance pop', 'pop', 'post-teen pop', 'urban contemporary']",['Britney Spears'],0.7170000000000001,216.52,0.5870000000000001,0.0,4,0.0523,-7.296,0,If U Seek Amy,0.64,2009,0.0339,129.954,spotify:track:2hdy9Wt9qp7M7d0U3ossu2,0.544,pop
276,0.205,"['dance pop', 'pop', 'post-teen pop', 'urban contemporary']",['Britney Spears'],0.629,261.0,0.726,0.00506,0,0.103,-9.679,0,Unusual You,0.47,2009,0.103,123.974,spotify:track:5yFDS6dDzjjmGFVaYcwPAB,0.473,pop
277,0.0014,"['dance pop', 'pop', 'post-teen pop', 'urban contemporary']",['Britney Spears'],0.643,246.493,0.884,3.07e-05,10,0.122,-6.934,0,Mannequin,0.42,2009,0.0511,129.998,spotify:track:3buxlp1m5TLONPem13GSpt,0.627,pop
278,0.0074,"['dance pop', 'pop', 'post-teen pop', 'urban contemporary']",['Britney Spears'],0.863,167.56,0.586,0.000646,7,0.103,-6.5120000000000005,1,Lace and Leather,0.44,2009,0.0617,111.968,spotify:track:77mOEEC4yLh8U7zCa0lInh,0.823,pop
279,0.25,"['dance pop', 'pop', 'post-teen pop', 'urban contemporary']",['Britney Spears'],0.648,228.613,0.664,1.18e-06,4,0.33,-6.617000000000001,0,Radar,0.0,2008,0.16399999999999998,127.917,spotify:track:7hYAqyc9HEhk0RV9hCSqBt,0.484,pop
280,0.25,"['dance pop', 'pop', 'post-teen pop', 'urban contemporary']",['Britney Spears'],0.7879999999999999,251.24,0.8440000000000001,0.000678,2,0.0723,-3.131,1,Gimme More,0.05,2007,0.0334,113.324,spotify:track:7CxhdANGZEPZ3BoTjFMKP3,0.382,pop
281,0.0902,"['dance pop', 'pop', 'post-teen pop', 'urban contemporary']",['Britney Spears'],0.769,212.107,0.638,0.0,11,0.0857,-5.0539999999999985,1,Piece of Me,0.04,2007,0.21600000000000005,115.007,spotify:track:6jaHYV4no6PAbyo89bybrx,0.782,pop
282,0.293,"['dance pop', 'pop', 'post-teen pop', 'urban contemporary']",['Britney Spears'],0.642,229.213,0.722,0.0,4,0.337,-4.845,0,Radar,0.0,2007,0.16699999999999998,127.959,spotify:track:4KJKowuprsTpgK8UBUoUEG,0.513,pop
283,0.6890000000000001,"['dance pop', 'pop', 'post-teen pop', 'urban contemporary']",['Britney Spears'],0.7120000000000001,196.053,0.911,8.02e-06,5,0.107,-3.866,0,Break the Ice,0.01,2007,0.0445,117.533,spotify:track:0Wz2HxucvutQe7YorHBvnN,0.85,pop
284,0.081,"['dance pop', 'pop', 'post-teen pop', 'urban contemporary']",['Britney Spears'],0.636,292.693,0.792,3.81e-05,7,0.099,-6.154,1,Heaven On Earth,0.0,2007,0.052000000000000005,126.053,spotify:track:7pdY6ANhojuqpmbDbzfvQ0,0.445,pop
285,0.0642,"['dance pop', 'pop', 'post-teen pop', 'urban contemporary']",['Britney Spears'],0.7340000000000001,285.08,0.856,0.000475,6,0.0442,-4.592,0,Get Naked (I Got a Plan),0.0,2007,0.056,115.027,spotify:track:0GXfdEIFO4eQnaMUy64bDs,0.67,pop
286,0.16899999999999998,"['dance pop', 'pop', 'post-teen pop', 'urban contemporary']",['Britney Spears'],0.8320000000000001,175.467,0.797,1.29e-05,11,0.0673,-4.1930000000000005,0,Freakshow,0.0,2007,0.0943,131.969,spotify:track:5uYA2AOox9DT76GUk6CGvo,0.951,pop
287,0.0247,"['dance pop', 'pop', 'post-teen pop', 'urban contemporary']",['Britney Spears'],0.83,196.707,0.742,0.0,7,0.0488,-3.783,1,Hot as Ice,0.0,2007,0.036000000000000004,127.933,spotify:track:3M2mItwg42NR0fcq4LVTyc,0.951,pop
288,0.18600000000000005,"['dance pop', 'pop', 'post-teen pop', 'urban contemporary']",['Britney Spears'],0.8240000000000001,208.133,0.687,0.0,11,0.102,-4.44,0,Ooh Ooh Baby,0.0,2007,0.0371,127.998,spotify:track:677hNjoxG4V0nNCtbGF6Sg,0.7170000000000001,pop
289,0.00134,"['dance pop', 'pop', 'post-teen pop', 'urban contemporary']","['Britney Spears', 'Junkie XL']",0.5489999999999999,267.215,0.897,0.00149,8,0.264,-5.779,1,And Then We Kiss - Junkie XL Remix,0.34,2005,0.0358,129.982,spotify:track:0u64i9wKMwoiqWiLTGddP9,0.378,pop
290,0.0381,"['dance pop', 'pop', 'post-teen pop', 'urban contemporary']",['Britney Spears'],0.682,198.6,0.894,0.0,0,0.416,-1.73,0,Overprotected - Radio Edit,0.6,2001,0.0727,95.992,spotify:track:5p0KCAuu5nrHpTuAIhHdLw,0.845,pop
291,0.0245,"['dance pop', 'pop', 'post-teen pop', 'urban contemporary']",['Britney Spears'],0.9,206.96,0.693,0.00278,11,0.04,-3.989,0,Boys,0.51,2001,0.0751,107.021,spotify:track:4rIz1mOBHqIo6Mk7DzuoPs,0.8640000000000001,pop
292,0.0136,"['dance pop', 'pop', 'post-teen pop', 'urban contemporary']",['Britney Spears'],0.7170000000000001,196.107,0.877,0.000814,0,0.0616,-4.266,1,Anticipating,0.49,2001,0.0375,111.0,spotify:track:6dKYAtGciLRm8uOD1LiSVf,0.794,pop
293,0.024,"['dance pop', 'pop', 'post-teen pop', 'urban contemporary']",['Britney Spears'],0.7559999999999999,185.693,0.85,0.0034,1,0.0538,-2.468,0,Bombastic Love,0.44,2001,0.033,100.251,spotify:track:5FFFvpCMxIWtTF7DmUBBIs,0.655,pop
294,0.123,"['dance pop', 'pop', 'post-teen pop', 'urban contemporary']",['Britney Spears'],0.795,170.667,0.6509999999999999,0.0,11,0.2,-5.5870000000000015,0,What It's Like to Be Me,0.0,2001,0.0912,100.045,spotify:track:29FOdbZI0hA0x4svieTQo6,0.68,pop
295,0.119,"['dance pop', 'pop', 'post-teen pop', 'urban contemporary']","['Britney Spears', 'Ying Yang Twins']",0.8640000000000001,289.4,0.87,0.0,8,0.508,-2.77,1,(I Got That) Boom Boom,0.53,2003,0.147,109.987,spotify:track:5epx5YtoMbV0GrL9qx9kVY,0.8370000000000001,pop
296,0.0249,"['dance pop', 'pop', 'post-teen pop', 'urban contemporary']",['Britney Spears'],0.774,198.8,0.838,0.025,5,0.242,-3.914,0,Toxic,0.79,2003,0.114,143.04,spotify:track:6I9VzXrHxO9rA9A5euc8Ak,0.924,pop
297,0.0394,"['dance pop', 'pop', 'post-teen pop', 'urban contemporary']",['Britney Spears'],0.828,201.907,0.662,2.02e-05,7,0.191,-6.419,1,Outrageous,0.54,2003,0.0461,105.014,spotify:track:2vPCRs3g0vdLU8sHlAEytO,0.847,pop
298,0.5760000000000001,"['dance pop', 'pop', 'post-teen pop', 'urban contemporary']",['Britney Spears'],0.551,259.467,0.8220000000000001,0.000176,9,0.135,-5.857,0,Touch of My Hand,0.45,2003,0.0559,100.005,spotify:track:1mRyi7vfCdLyQW4AeQKlnD,0.412,pop
299,0.0509,"['dance pop', 'pop', 'post-teen pop', 'urban contemporary']",['Britney Spears'],0.314,224.88,0.66,0.0,5,0.0928,-7.182,0,Shadow,0.4,2003,0.0439,141.121,spotify:track:4XEQZ9OqZb6xLxKsFppO3K,0.239,pop
300,0.0209,"['dance pop', 'pop', 'post-teen pop', 'urban contemporary']",['Britney Spears'],0.7390000000000001,208.013,0.669,0.0,10,0.0863,-3.989,1,Brave New Girl,0.4,2003,0.0384,133.028,spotify:track:1YTuMc934yzN1PKjSIaspV,0.857,pop
301,0.966,"['dance pop', 'pop', 'post-teen pop', 'urban contemporary']",['Britney Spears'],0.398,230.307,0.284,8.57e-05,3,0.116,-12.852,1,Everytime,0.61,2003,0.0337,109.599,spotify:track:0dRhSF9LV0HR8Jwd3MMMKJ,0.114,pop
302,0.0599,"['dance pop', 'pop', 'post-teen pop', 'urban contemporary']",['Britney Spears'],0.755,198.093,0.944,0.0,8,0.332,-3.936,1,(You Drive Me) Crazy,0.08,1999,0.0342,104.006,spotify:track:36sAHywEsh50kaM6CpENHp,0.962,pop
303,0.404,"['dance pop', 'pop', 'post-teen pop', 'urban contemporary']",['Britney Spears'],0.743,245.053,0.755,0.0,10,0.0914,-5.337999999999999,1,Sometimes,0.0,1999,0.0255,96.009,spotify:track:7ba1zDhndzsJcOfqACnpYT,0.807,pop
304,0.271,"['dance pop', 'pop', 'post-teen pop', 'urban contemporary']",['Britney Spears'],0.763,207.267,0.8340000000000001,0.00027,1,0.263,-5.237,1,Lucky,0.37,2004,0.0329,95.017,spotify:track:4cHUfCT3yetKajxWKLhDlT,0.965,pop
305,0.128,"['dance pop', 'pop', 'post-teen pop', 'urban contemporary']",['Britney Spears'],0.7070000000000001,203.0,0.923,0.000437,11,0.273,-3.957,1,Stronger,0.65,2000,0.0521,108.049,spotify:track:5QhBKPqsnX1uY9fZNaAtZg,0.8420000000000001,pop
306,0.3,"['dance pop', 'pop', 'post-teen pop', 'urban contemporary']",['Britney Spears'],0.7509999999999999,211.16,0.8340000000000001,1.77e-05,1,0.355,-5.444,0,Oops!...I Did It Again,0.76,2000,0.0437,95.053,spotify:track:6naxalmIoLFWR0siv8dnQQ,0.894,pop
307,0.0876,"['dance pop', 'pop', 'post-teen pop', 'urban contemporary']",['Britney Spears'],0.847,216.707,0.8009999999999999,0.000204,9,0.7659999999999999,-3.838,1,What U See (Is What U Get),0.46,2000,0.0564,93.189,spotify:track:41cQPDvsP9vBCigVqQjnqg,0.841,pop
308,0.23,"['dance pop', 'pop', 'post-teen pop', 'urban contemporary']",['Britney Spears'],0.8079999999999999,223.533,0.7609999999999999,0.0,10,0.674,-5.614,0,Don't Go Knockin' on My Door,0.46,2000,0.0512,110.965,spotify:track:3HTkB9Nk04MJHkG0X6cL2R,0.92,pop
309,0.119,"['dance pop', 'pop', 'post-teen pop', 'urban contemporary']",['Britney Spears'],0.81,197.187,0.924,8.73e-05,0,0.149,-4.02,0,Can't Make You Love Me,0.43,2000,0.0356,108.016,spotify:track:7pY6xLJqmezJNG7VwuKVSH,0.868,pop
310,0.00135,"['dance pop', 'pop', 'post-teen pop', 'urban contemporary']",['Britney Spears'],0.601,318.346,0.926,0.022,9,0.055,-4.274,0,Touch Of My Hand - Bill Hamel Club Mix,0.0,2005,0.0432,125.009,spotify:track:2qfueTUy4dwq8qaDJO2x3i,0.411,pop
311,0.0307,"['dance pop', 'pop', 'post-teen pop', 'urban contemporary']",['Britney Spears'],0.826,265.187,0.693,0.272,11,0.0891,-5.947,0,Circus - Diplo Circus Remix,0.32,2009,0.161,125.009,spotify:track:7mQKKSqxpQD11s4Tf0tIhK,0.451,pop
312,0.00354,"['dance pop', 'pop', 'post-teen pop', 'urban contemporary']","['Britney Spears', 'Kaskade']",0.7509999999999999,368.08,0.675,0.0144,6,0.038,-4.9860000000000015,0,Gimme More - Kaskade Club Mix,0.32,2011,0.0419,126.009,spotify:track:4VKlvCnSSApLh0pAJ6asDv,0.677,pop
313,0.0155,"['dance pop', 'pop', 'post-teen pop', 'urban contemporary']",['Britney Spears'],0.601,187.893,0.7170000000000001,0.000164,7,0.114,-5.457999999999998,1,Blur,0.0,2008,0.0259,138.042,spotify:track:7cLa53ZoJHf2HXZcvWigQL,0.6579999999999999,pop
314,0.128,"['dance pop', 'pop', 'post-teen pop', 'urban contemporary']",['Britney Spears'],0.696,205.6,0.5870000000000001,2.17e-05,3,0.106,-6.992000000000001,0,Body Ache,0.44,2013,0.059,128.003,spotify:track:45MpoG2B3CEHoZa8OhrAw2,0.581,pop
315,0.262,"['dance pop', 'pop', 'post-teen pop', 'urban contemporary']",['Britney Spears'],0.611,236.0,0.732,0.00352,0,0.266,-6.0779999999999985,1,Alien,0.45,2013,0.0314,111.984,spotify:track:3eBxSM7L8AL5wcYd1t4NC0,0.375,pop
316,0.0187,"['dance pop', 'pop', 'post-teen pop', 'urban contemporary']",['Britney Spears'],0.5870000000000001,222.64,0.693,0.0,1,0.165,-5.348,0,Til It's Gone,0.43,2013,0.0614,127.991,spotify:track:6I9livBOOwAOV5YcVa9Npk,0.396,pop
317,0.205,"['dance pop', 'pop', 'post-teen pop', 'urban contemporary']",['Britney Spears'],0.629,261.0,0.726,0.00506,0,0.103,-9.679,0,Unusual You,0.0,2008,0.103,123.974,spotify:track:1EGdu2ftABIsOcfl9PILcc,0.473,pop
